athlete_name,country,date,event,location,distance,current_type,temp,field_size,time,place,,,,
Tobias Patrick Robinson,GBR,11/07/2015,LEN Cup,"Madeira, POR",10,No Current,Neutral,12,7175.029248,1,,,,
Daniel SZEKELYI,HUN,11/07/2015,LEN Cup,"Madeira, POR",10,No Current,Neutral,12,7175.068992,2,,,,
Marc-Antoine OLIVIER,FRA,11/07/2015,LEN Cup,"Madeira, POR",10,No Current,Neutral,12,7175.087136,3,,,,
Rafael Gil,POR,11/07/2015,LEN Cup,"Madeira, POR",10,No Current,Neutral,12,7178.052384,4,,,,
Hugo Alberto RIBEIRO,POR,11/07/2015,LEN Cup,"Madeira, POR",10,No Current,Neutral,12,7181.00208,5,,,,
Timothy SHUTTLEWORTH,GBR,11/07/2015,LEN Cup,"Madeira, POR",10,No Current,Neutral,12,7184.04768,6,,,,
Vasco Miguel GASPAR,POR,11/07/2015,LEN Cup,"Madeira, POR",10,No Current,Neutral,12,7288.0344,7,,,,
Tiago Silva Oliviera,POR,11/07/2015,LEN Cup,"Madeira, POR",10,No Current,Neutral,12,7729.032096,8,,,,
Alexandre Valdagua COUTINHO,POR,11/07/2015,LEN Cup,"Madeira, POR",10,No Current,Neutral,12,7730.00496,9,,,,
Diogo Manuel MARQUES,POR,11/07/2015,LEN Cup,"Madeira, POR",10,No Current,Neutral,12,7731.02016,10,,,,
Mario Andre BONANCA,POR,11/07/2015,LEN Cup,"Madeira, POR",10,No Current,Neutral,12,7733.032416,11,,,,
Tiago Campos,POR,11/07/2015,LEN Cup,"Madeira, POR",10,No Current,Neutral,12,8351.06976,12,,,,
end,,,2015_11_07_LEN_Madeira_10km,,,,,,,0,,,,
Mateusz Sawrymowicz,POL,03/20/2015,LEN Cup,"Eilat, ISR",10,No Curent,Neutral,30,6639.04512,1,,,,
Krzysztof Pielowski,POL,03/20/2015,LEN Cup,"Eilat, ISR",10,No Curent,Neutral,30,6659.039808,2,,,,
Jan Micka,CZE,03/20/2015,LEN Cup,"Eilat, ISR",10,No Curent,Neutral,30,6663.034944,3,,,,
Daniel Szekelyi,HUN,03/20/2015,LEN Cup,"Eilat, ISR",10,No Curent,Neutral,30,6669.0648,4,,,,
Andrea Manzi,ITA,03/20/2015,LEN Cup,"Eilat, ISR",10,No Curent,Neutral,30,6670.069632,5,,,,
Shai Toledano,ISR,03/20/2015,LEN Cup,"Eilat, ISR",10,No Curent,Neutral,30,6671.039904,6,,,,
Jan Kutnik,CZE,03/20/2015,LEN Cup,"Eilat, ISR",10,No Curent,Neutral,30,6672.010176,7,,,,
Andrea Bianchi,ITA,03/20/2015,LEN Cup,"Eilat, ISR",10,No Curent,Neutral,30,6674.08464,8,,,,
Matan Roditi,ISR,03/20/2015,LEN Cup,"Eilat, ISR",10,No Curent,Neutral,30,6674.08464,9,,,,
Matej Kozubek,CZE,03/20/2015,LEN Cup,"Eilat, ISR",10,No Curent,Neutral,30,6678.074592,10,,,,
Francesco Bianchi,ITA,03/20/2015,LEN Cup,"Eilat, ISR",10,No Curent,Neutral,30,6679.010304,11,,,,
Christopher Bryan,IRL,03/20/2015,LEN Cup,"Eilat, ISR",10,No Curent,Neutral,30,6688.065024,12,,,,
Shahar Resman,ISR,03/20/2015,LEN Cup,"Eilat, ISR",10,No Curent,Neutral,30,6690.040128,13,,,,
Yuval Safra,ISR,03/20/2015,LEN Cup,"Eilat, ISR",10,No Curent,Neutral,30,6695.029728,14,,,,
Igor Chervynskiy,UKR,03/20/2015,LEN Cup,"Eilat, ISR",10,No Curent,Neutral,30,6707.009952,15,,,,
Dario Verani,ITA,03/20/2015,LEN Cup,"Eilat, ISR",10,No Curent,Neutral,30,6725.014848,16,,,,
Mathieu Mattelaer,BEL,03/20/2015,LEN Cup,"Eilat, ISR",10,No Curent,Neutral,30,6814.00512,17,,,,
Vit Ingeduld,CZE,03/20/2015,LEN Cup,"Eilat, ISR",10,No Curent,Neutral,30,6867.08496,18,,,,
Alon Lerner,ISR,03/20/2015,LEN Cup,"Eilat, ISR",10,No Curent,Neutral,30,6879.095424,19,,,,
Bar Soloveychik,ISR,03/20/2015,LEN Cup,"Eilat, ISR",10,No Curent,Neutral,30,7230.054816,20,,,,
Idan mordel,ISR,03/20/2015,LEN Cup,"Eilat, ISR",10,No Curent,Neutral,30,7238.014848,21,,,,
Karel Baloun,CZE,03/20/2015,LEN Cup,"Eilat, ISR",10,No Curent,Neutral,30,7238.025216,22,,,,
Guy Moskovich,ISR,03/20/2015,LEN Cup,"Eilat, ISR",10,No Curent,Neutral,30,7404.085152,23,,,,
Yonatan Sharon Rosin,ISR,03/21/2015,LEN Cup,"Eilat, ISR",10,No Curent,Neutral,30,7606.045152,24,,,,
Shai Grinberg,ISR,03/20/2015,LEN Cup,"Eilat, ISR",10,No Curent,Neutral,30,7614.005184,25,,,,
Marek Pavuk,SVK,03/20/2015,LEN Cup,"Eilat, ISR",10,No Curent,Neutral,30,7645.040064,26,,,,
Sean Pristin,ISR,03/20/2015,LEN Cup,"Eilat, ISR",10,No Curent,Neutral,30,7770.045312,27,,,,
Baris Ahmet Yosmaoglu,TUR,03/20/2015,LEN Cup,"Eilat, ISR",10,No Curent,Neutral,30,8026.014816,28,,,,
Ibrahem Masarwey,ISR,03/20/2015,LEN Cup,"Eilat, ISR",10,No Curent,Neutral,30,8472.02976,29,,,,
end,,,2015_03_20_LEN_Eilat_10km,,,,,,,0,,,,
Dario Verani,ITA,08/06/2016,LEN Cup,"Navia, ESP",7.5,No Current,Neutral,17,5425.001568,1,,,,
Daniel Szekelyi,HUNI,08/06/2016,LEN Cup,"Navia, ESP",7.5,No Current,Neutral,17,5425.003296,2,,,,
Rob Muffels,GER,08/06/2016,LEN Cup,"Navia, ESP",7.5,No Current,Neutral,17,5426.8,3,,,,
Francesco Bianchi,ITA,08/06/2016,LEN Cup,"Navia, ESP",7.5,No Current,Neutral,17,5428.3,4,,,,
Andrea Bianchi,ITA,08/06/2016,LEN Cup,"Navia, ESP",7.5,No Current,Neutral,17,5428.5,5,,,,
Hugo Alberto Ribeiro,POR,08/06/2016,LEN Cup,"Navia, ESP",7.5,No Current,Neutral,17,5433.1,6,,,,
Moritz Bartels,GER,08/06/2016,LEN Cup,"Navia, ESP",7.5,No Current,Neutral,17,5463.008928,7,,,,
Raul Santiago Betancor,ESP,08/06/2016,LEN Cup,"Navia, ESP",7.5,No Current,Neutral,17,5552.5,8,,,,
Alberto Martinez,ESP,08/06/2016,LEN Cup,"Navia, ESP",7.5,No Current,Neutral,17,5594.007744,9,,,,
Roman Kozhevnikov,RUS,08/06/2016,LEN Cup,"Navia, ESP",7.5,No Current,Neutral,17,5773.9,10,,,,
Pol Gil,ESP,08/06/2016,LEN Cup,"Navia, ESP",7.5,No Current,Neutral,17,5785.4,11,,,,
Marcos Godoy,ESP,08/06/2016,LEN Cup,"Navia, ESP",7.5,No Current,Neutral,17,5919.2,12,,,,
Eric Villaregut De Mingo,ESP,08/06/2016,LEN Cup,"Navia, ESP",7.5,No Current,Neutral,17,5925.6,13,,,,
Guillem Pujol,ESP,08/06/2016,LEN Cup,"Navia, ESP",7.5,No Current,Neutral,17,6048,14,,,,
Carlos Quuada,ESP,08/06/2016,LEN Cup,"Navia, ESP",7.5,No Current,Neutral,17,6065.6,15,,,,
end,,,2016_08_06_LEN_Navia_7.5km,,,,,,,0,,,,
Dario Verani,ITA,08/27/2016,LEN Cup,"Copenhagen, DEN",6,No Current,Neutral,9,4125.97,1,,,,
Francesco Bianchi,ITA,08/27/2016,LEN Cup,"Copenhagen, DEN",6,No Current,Neutral,9,4126.91,2,,,,
Matej Kozubek,CZE,08/27/2016,LEN Cup,"Copenhagen, DEN",6,No Current,Neutral,9,4127.14,3,,,,
Andrea Bianchi,ITA,08/27/2016,LEN Cup,"Copenhagen, DEN",6,No Current,Neutral,9,4130.82,4,,,,
Roman Kozhevnikov,RUS,08/27/2016,LEN Cup,"Copenhagen, DEN",6,No Current,Neutral,9,4134,5,,,,
Peter Mandrup Madsen,DEN,08/27/2016,LEN Cup,"Copenhagen, DEN",6,No Current,Neutral,9,4294.16,6,,,,
Alexander Wildenschild,DEN,08/27/2016,LEN Cup,"Copenhagen, DEN",6,No Current,Neutral,9,4304.57,7,,,,
Mads Holm,DEN,08/27/2016,LEN Cup,"Copenhagen, DEN",6,No Current,Neutral,9,4476.0168,8,,,,
Marek Pavuk,SVK,08/27/2016,LEN Cup,"Copenhagen, DEN",6,No Current,Neutral,9,4832.45,9,,,,
end,,,2016_08_27_LEN_Copenhagen_6km,,,,,,,0,,,,
Kristof Rasovszky,HUN,03/26/2017,LEN Cup,"Eilat, ISR",10,No Current,Neutral,40,6583.084704,1,,,,
KIRILL ABROSIMOV,RUS,03/26/2017,LEN Cup,"Eilat, ISR",10,No Current,Neutral,40,6602.050368,2,,,,
Evgenii Drattcev,RUS,03/26/2017,LEN Cup,"Eilat, ISR",10,No Current,Neutral,40,6607.999872,3,,,,
Gregorio Paltrinieri,ITA,03/26/2017,LEN Cup,"Eilat, ISR",10,No Current,Neutral,40,6610.059648,4,,,,
Mario Sanzullo,ITA,03/26/2017,LEN Cup,"Eilat, ISR",10,No Current,Neutral,40,6613.080192,5,,,,
Shai Toledano,ISR,03/26/2017,LEN Cup,"Eilat, ISR",10,No Current,Neutral,40,6615.0648,6,,,,
Krzysztof Pielowski,POL,03/26/2017,LEN Cup,"Eilat, ISR",10,No Current,Neutral,40,6616.0152,7,,,,
Zoltán Drigan,HUN,03/26/2017,LEN Cup,"Eilat, ISR",10,No Current,Neutral,40,6617.005344,8,,,,
Matan Roditi,ISR,03/26/2017,LEN Cup,"Eilat, ISR",10,No Current,Neutral,40,6617.025216,9,,,,
Andrea Manzi,ITA,03/26/2017,LEN Cup,"Eilat, ISR",10,No Current,Neutral,40,6617.039904,10,,,,
David Brandl,AUT,03/26/2017,LEN Cup,"Eilat, ISR",10,No Current,Neutral,40,6618.064608,11,,,,
Shahar Resman,ISR,03/26/2017,LEN Cup,"Eilat, ISR",10,No Current,Neutral,40,6619.00032,12,,,,
Matej Kozubek,CZE,03/26/2017,LEN Cup,"Eilat, ISR",10,No Current,Neutral,40,6620.089824,13,,,,
Igor Chervynskiy,UKR,03/26/2017,LEN Cup,"Eilat, ISR",10,No Current,Neutral,40,6622.045056,14,,,,
Tamas Novoszaith,HUN,03/26/2017,LEN Cup,"Eilat, ISR",10,No Current,Neutral,40,6623.074944,15,,,,
Akos Kalmar,HUN,03/26/2017,LEN Cup,"Eilat, ISR",10,No Current,Neutral,40,6624.074592,16,,,,
Ádám Kris Orosz,HUN,03/26/2017,LEN Cup,"Eilat, ISR",10,No Current,Neutral,40,6632.019936,17,,,,
Logan Vanhuys,BEL,03/26/2017,LEN Cup,"Eilat, ISR",10,No Current,Neutral,40,6633.060192,18,,,,
Idan Mordel,ISR,03/26/2017,LEN Cup,"Eilat, ISR",10,No Current,Neutral,40,6635.01024,19,,,,
Mark Papp,HUN,03/26/2017,LEN Cup,"Eilat, ISR",10,No Current,Neutral,40,6636.049632,20,,,,
Noel Novoszath,HUN,03/26/2017,LEN Cup,"Eilat, ISR",10,No Current,Neutral,40,6638.085216,21,,,,
Yuval Safra,ISR,03/26/2017,LEN Cup,"Eilat, ISR",10,No Current,Neutral,40,6641.0496,22,,,,
Bar Soloveychik,ISR,03/26/2017,LEN Cup,"Eilat, ISR",10,No Current,Neutral,40,6647.030208,23,,,,
Lars Bottelier,NED,03/26/2017,LEN Cup,"Eilat, ISR",10,No Current,Neutral,40,6647.075136,24,,,,
Zoltán Márk Tabi,HUN,03/26/2017,LEN Cup,"Eilat, ISR",10,No Current,Neutral,40,6648.03504,25,,,,
Mathieu Mattelaer,BEL,03/26/2017,LEN Cup,"Eilat, ISR",10,No Current,Neutral,40,6661.039968,26,,,,
Mlan Fábián,HUN,03/26/2017,LEN Cup,"Eilat, ISR",10,No Current,Neutral,40,6663.009888,27,,,,
Yonatan Sharon Rosin,ISR,03/26/2017,LEN Cup,"Eilat, ISR",10,No Current,Neutral,40,6724.040256,28,,,,
Kristof Monori,HUN,03/26/2017,LEN Cup,"Eilat, ISR",10,No Current,Neutral,40,6753.074976,29,,,,
Bartlomiej Kubkowski,POL,03/26/2017,LEN Cup,"Eilat, ISR",10,No Current,Neutral,40,6760.030176,30,,,,
Elliot Sodemann,SWE,03/26/2017,LEN Cup,"Eilat, ISR",10,No Current,Neutral,40,6762.079584,31,,,,
Alon Lerner,ISR,03/26/2017,LEN Cup,"Eilat, ISR",10,No Current,Neutral,40,6763.029984,32,,,,
Chris Hisheme,ISR,03/26/2017,LEN Cup,"Eilat, ISR",10,No Current,Neutral,40,7103.050272,33,,,,
Tim Arnesen,SWE,03/26/2017,LEN Cup,"Eilat, ISR",10,No Current,Neutral,40,7146.01008,34,,,,
Ido Gal,ISR,03/26/2017,LEN Cup,"Eilat, ISR",10,No Current,Neutral,40,7499.0448,35,,,,
Ariel Freiman,ISR,03/26/2017,LEN Cup,"Eilat, ISR",10,No Current,Neutral,40,7502.054976,36,,,,
Peleg Lavi,ISR,03/26/2017,LEN Cup,"Eilat, ISR",10,No Current,Neutral,40,7602.060384,37,,,,
Tal Idelson,ISR,03/26/2017,LEN Cup,"Eilat, ISR",10,No Current,Neutral,40,7740.090432,38,,,,
Ariel Korobov,ISR,03/26/2017,LEN Cup,"Eilat, ISR",10,No Current,Neutral,40,7758.000288,39,,,,
end,,,2017_03_26_LEN_Eilat_10km,,,,,,,0,,,,
Kristof Rasovszky,HUN,07/01/2017,LEN Cup,"Barcelona, ESP",10,No Current,Neutral,38,6752.6,1,,,,
Jean-Baptiste CLUSMAN,FRA,07/01/2017,LEN Cup,"Barcelona, ESP",10,No Current,Neutral,38,6754.8,2,,,,
Christian REICHERT,GER,07/01/2017,LEN Cup,"Barcelona, ESP",10,No Current,Neutral,38,6757.7,3,,,,
Matan RODITI,ISR,07/01/2017,LEN Cup,"Barcelona, ESP",10,No Current,Neutral,38,6759.5,4,,,,
Alberto Martinez,ESP,07/01/2017,LEN Cup,"Barcelona, ESP",10,No Current,Neutral,38,6759.6,5,,,,
Daniel Szekelyi,HUN,07/01/2017,LEN Cup,"Barcelona, ESP",10,No Current,Neutral,38,6765.4,6,,,,
Clement BATTE,FRA,07/01/2017,LEN Cup,"Barcelona, ESP",10,No Current,Neutral,38,6775.5,7,,,,
Andrea Bianchi,ITA,07/01/2017,LEN Cup,"Barcelona, ESP",10,No Current,Neutral,38,6775.7,8,,,,
Shahar RESMAN,ISR,07/01/2017,LEN Cup,"Barcelona, ESP",10,No Current,Neutral,38,6777.7,9,,,,
Marcello GUIDI,ITA,07/01/2017,LEN Cup,"Barcelona, ESP",10,No Current,Neutral,38,6782.3,10,,,,
Raul SANTIAGO BETANCOR,ESP,07/01/2017,LEN Cup,"Barcelona, ESP",10,No Current,Neutral,38,6788.6,11,,,,
Matej Kozubek,CZE,07/01/2017,LEN Cup,"Barcelona, ESP",10,No Current,Neutral,38,6792.4,12,,,,
Roger RABASSA IGLESIAS,ESP,07/01/2017,LEN Cup,"Barcelona, ESP",10,No Current,Neutral,38,6792.5,13,,,,
Baptiste COLMANT,FRA,07/01/2017,LEN Cup,"Barcelona, ESP",10,No Current,Neutral,38,6793.2,14,,,,
Vit Ingeduld,CZE,07/01/2017,LEN Cup,"Barcelona, ESP",10,No Current,Neutral,38,6793.3,15,,,,
Gaspar Andrade Budino,ESP,07/01/2017,LEN Cup,"Barcelona, ESP",10,No Current,Neutral,38,6794.7,16,,,,
Yuval SAFRA,ISR,07/01/2017,LEN Cup,"Barcelona, ESP",10,No Current,Neutral,38,6811.2,17,,,,
Bertrand VENTURI,FRA,07/01/2017,LEN Cup,"Barcelona, ESP",10,No Current,Neutral,38,6819.8,18,,,,
Jose Paula Carvalho,POR,07/01/2017,LEN Cup,"Barcelona, ESP",10,No Current,Neutral,38,6858.4,19,,,,
Alexandre LAGES BRION,ESP,07/01/2017,LEN Cup,"Barcelona, ESP",10,No Current,Neutral,38,6923.1,20,,,,
Gordon John Mason,GBR,07/01/2017,LEN Cup,"Barcelona, ESP",10,No Current,Neutral,38,6941.5,21,,,,
Idan MORDEL,ISR,07/01/2017,LEN Cup,"Barcelona, ESP",10,No Current,Neutral,38,6944.5,22,,,,
Diogo Manuel MARQUES,POR,07/01/2017,LEN Cup,"Barcelona, ESP",10,No Current,Neutral,38,6951.6,23,,,,
Naim MOKHFI,FRA,07/01/2017,LEN Cup,"Barcelona, ESP",10,No Current,Neutral,38,6964.5,24,,,,
Aubin COCCORDANO,FRA,07/01/2017,LEN Cup,"Barcelona, ESP",10,No Current,Neutral,38,6966.5,25,,,,
Anthony SIOU,FRA,07/01/2017,LEN Cup,"Barcelona, ESP",10,No Current,Neutral,38,6966.9,26,,,,
Hugo CHOPINEAU,FRA,07/01/2017,LEN Cup,"Barcelona, ESP",10,No Current,Neutral,38,6974.1,27,,,,
Sergio SANTISTEBAN ROMERO,ESP,07/01/2017,LEN Cup,"Barcelona, ESP",10,No Current,Neutral,38,6978.1,28,,,,
Ferran JULIA TOUS,ESP,07/01/2017,LEN Cup,"Barcelona, ESP",10,No Current,Neutral,38,6978.2,29,,,,
Hector Thomas Cheal Pardoe,GBR,07/01/2017,LEN Cup,"Barcelona, ESP",10,No Current,Neutral,38,6980.8,30,,,,
Alexis VANDEVELDE,FRA,07/01/2017,LEN Cup,"Barcelona, ESP",10,No Current,Neutral,38,6982.9,31,,,,
Hugo SAILLARD,FRA,07/01/2017,LEN Cup,"Barcelona, ESP",10,No Current,Neutral,38,6983.1,32,,,,
Pablo Le Corre,FRA,07/01/2017,LEN Cup,"Barcelona, ESP",10,No Current,Neutral,38,7003.2,33,,,,
Manuel TOME SANLES,ESP,07/01/2017,LEN Cup,"Barcelona, ESP",10,No Current,Neutral,38,7014.7,34,,,,
Maxime MAETZ,FRA,07/01/2017,LEN Cup,"Barcelona, ESP",10,No Current,Neutral,38,7414.3,35,,,,
Melvyn YERPES,FRA,07/01/2017,LEN Cup,"Barcelona, ESP",10,No Current,Neutral,38,8211.8,36,,,,
Severin MERCIER,FRA,07/01/2017,LEN Cup,"Barcelona, ESP",10,No Current,Neutral,38,8429.3,37,,,,
end,,,2017_07_01_LEN_Barcelona_10km,,,,,,,0,,,,
Kristof Rasovszky,HUN,08/05/2017,LEN Cup,"Navia, ESP",7.5,No Current,Neutral,21,4819.004064,1,,,,
Soren Meissner,GER,08/05/2017,LEN Cup,"Navia, ESP",7.5,No Current,Neutral,21,4819.004928,2,,,,
Pepijn Smits,NED,08/05/2017,LEN Cup,"Navia, ESP",7.5,No Current,Neutral,21,4822.00128,3,,,,
Christian Reichert,GER,08/05/2017,LEN Cup,"Navia, ESP",7.5,No Current,Neutral,21,4822.003008,4,,,,
Alessio Occhipinti,ITA,08/05/2017,LEN Cup,"Navia, ESP",7.5,No Current,Neutral,21,4831.00416,5,,,,
Marcello Guidi,ITA,08/05/2017,LEN Cup,"Navia, ESP",7.5,No Current,Neutral,21,4833.006912,6,,,,
Raul Santiago Betancor,ESP,08/05/2017,LEN Cup,"Navia, ESP",7.5,No Current,Neutral,21,4833.007776,7,,,,
Logan Vanhuys,BEL,08/05/2017,LEN Cup,"Navia, ESP",7.5,No Current,Neutral,21,4833.00864,8,,,,
Joaquin Moreno,ARG,08/05/2017,LEN Cup,"Navia, ESP",7.5,No Current,Neutral,21,4834.001376,9,,,,
Richard Nagy,SVK,08/05/2017,LEN Cup,"Navia, ESP",7.5,No Current,Neutral,21,4841.002368,10,,,,
Daniel Szekelyi,HUN,08/05/2017,LEN Cup,"Navia, ESP",7.5,No Current,Neutral,21,4842.000288,11,,,,
Roger Rabassa Iglesias,ESP,08/05/2017,LEN Cup,"Navia, ESP",7.5,No Current,Neutral,21,4849.003008,12,,,,
Niklas Frach,GER,08/05/2017,LEN Cup,"Navia, ESP",7.5,No Current,Neutral,21,5024.001024,13,,,,
Marcos Godoy,ESP,08/05/2017,LEN Cup,"Navia, ESP",7.5,No Current,Neutral,21,5030.00928,14,,,,
Xabier Carneiro,ESP,08/05/2017,LEN Cup,"Navia, ESP",7.5,No Current,Neutral,21,5041.002816,15,,,,
Matej Kozubek,CZE,08/05/2017,LEN Cup,"Navia, ESP",7.5,No Current,Neutral,21,5060.005632,16,,,,
Peter Gutyan,SVK,08/05/2017,LEN Cup,"Navia, ESP",7.5,No Current,Neutral,21,5067.006624,17,,,,
Eric Villaregut De Mingo,ESP,08/05/2017,LEN Cup,"Navia, ESP",7.5,No Current,Neutral,21,5076.00864,18,,,,
Pablo Cordero,ESP,08/05/2017,LEN Cup,"Navia, ESP",7.5,No Current,Neutral,21,5107.999968,19,,,,
end,,,2017_08_05_LEN_Navia_7.5km,,,,,,,0,,,,
Andrea Bianchi,ITA,08/26/2017,LEN Cup,"Copenhagen, DEN",6,No Current,Neutral,15,3973.968,1,,,,
Yuval Safra,ISR,08/26/2017,LEN Cup,"Copenhagen, DEN",6,No Current,Neutral,15,3976.992,2,,,,
Dario Verani,ITA,08/26/2017,LEN Cup,"Copenhagen, DEN",6,No Current,Neutral,15,3978.0288,3,,,,
Alessio Occhipinti,ITA,08/26/2017,LEN Cup,"Copenhagen, DEN",6,No Current,Neutral,15,3980.016,4,,,,
Andreas Waschburger,GER,08/26/2017,LEN Cup,"Copenhagen, DEN",6,No Current,Neutral,15,3980.9664,5,,,,
Christopher Jedel,SWE,08/26/2017,LEN Cup,"Copenhagen, DEN",6,No Current,Neutral,15,3985.0272,6,,,,
Peter Mandrup Madsen,DEN,08/26/2017,LEN Cup,"Copenhagen, DEN",6,No Current,Neutral,15,3987.0144,7,,,,
Ruwen Straub,GER,08/26/2017,LEN Cup,"Copenhagen, DEN",6,No Current,Neutral,15,3987.0144,8,,,,
Kristian Kron,SWE,08/26/2017,LEN Cup,"Copenhagen, DEN",6,No Current,Neutral,15,4022.9568,9,,,,
Felix Bartels,GER,08/26/2017,LEN Cup,"Copenhagen, DEN",6,No Current,Neutral,15,4022.9568,10,,,,
Marcus Herwig,GER,08/26/2017,LEN Cup,"Copenhagen, DEN",6,No Current,Neutral,15,4025.9808,11,,,,
Daniel Szekelyi,HUN,08/26/2017,LEN Cup,"Copenhagen, DEN",6,No Current,Neutral,15,4027.0176,12,,,,
Niklas Frach,GER,08/26/2017,LEN Cup,"Copenhagen, DEN",6,No Current,Neutral,15,4140.0288,13,,,,
Eric Reuss,GER,08/26/2017,LEN Cup,"Copenhagen, DEN",6,No Current,Neutral,15,4227.984,14,,,,
Marko Tiidla,EST,08/26/2017,LEN Cup,"Copenhagen, DEN",6,No Current,Neutral,15,4999.968,15,,,,
end,,,2017_08_26_LEN_Copenhagen_6km,,,,,,,0,,,,
Kristof Rasovszky,HUN,03/25/2018,LEN Cup,"Eilat, ISR",10,No Current,Neutral,39,6654.084768,1,,,,
Kirill Abrosimov,RUS,03/25/2018,LEN Cup,"Eilat, ISR",10,No Current,Neutral,39,6656.00976,2,,,,
Evgenii Drattcev,RUS,03/25/2018,LEN Cup,"Eilat, ISR",10,No Current,Neutral,39,6662.024928,3,,,,
Andrea Manzi,ITA,03/25/2018,LEN Cup,"Eilat, ISR",10,No Current,Neutral,39,6688.02528,4,,,,
Kirill Belyaev,RUS,03/25/2018,LEN Cup,"Eilat, ISR",10,No Current,Neutral,39,6694.010208,5,,,,
Matan Roditi,ISR,03/25/2018,LEN Cup,"Eilat, ISR",10,No Current,Neutral,39,6695.085024,6,,,,
Anton Evsikov,RUS,03/25/2018,LEN Cup,"Eilat, ISR",10,No Current,Neutral,39,6698.075328,7,,,,
Daniel Szekelyi,HUN,03/25/2018,LEN Cup,"Eilat, ISR",10,No Current,Neutral,39,6700.029696,8,,,,
Logan Vanhuys,BEL,03/25/2018,LEN Cup,"Eilat, ISR",10,No Current,Neutral,39,6701.08032,9,,,,
Krzysztof Pielowski,POL,03/25/2018,LEN Cup,"Eilat, ISR",10,No Current,Neutral,39,6702.024672,10,,,,
Simone Ruffini,ITA,03/25/2018,LEN Cup,"Eilat, ISR",10,No Current,Neutral,39,6702.040224,11,,,,
Shahar Resman,ISR,03/25/2018,LEN Cup,"Eilat, ISR",10,No Current,Neutral,39,6702.06528,12,,,,
Yuval Safra,ISR,03/25/2018,LEN Cup,"Eilat, ISR",10,No Current,Neutral,39,6704.010144,13,,,,
David Brandl,AUT,03/25/2018,LEN Cup,"Eilat, ISR",10,No Current,Neutral,39,6705.029664,14,,,,
Asterios Daldogiannis,GRE,03/25/2018,LEN Cup,"Eilat, ISR",10,No Current,Neutral,39,6708.084768,15,,,,
Shai Toledano,ISR,03/25/2018,LEN Cup,"Eilat, ISR",10,No Current,Neutral,39,6709.044672,16,,,,
Lars Bottelier,NED,03/25/2018,LEN Cup,"Eilat, ISR",10,No Current,Neutral,39,6712.065216,17,,,,
Sergey Bolshakov,RUS,03/25/2018,LEN Cup,"Eilat, ISR",10,No Current,Neutral,39,6714.085248,18,,,,
Federico Vanelli,ITA,03/25/2018,LEN Cup,"Eilat, ISR",10,No Current,Neutral,39,6718.019904,19,,,,
Roman Kozhevnikov,RUS,03/25/2018,LEN Cup,"Eilat, ISR",10,No Current,Neutral,39,6734.02032,20,,,,
Ventsislav Aydarski,BUL,03/25/2018,LEN Cup,"Eilat, ISR",10,No Current,Neutral,39,6737.084928,21,,,,
Artem Mamushkin,RUS,03/25/2018,LEN Cup,"Eilat, ISR",10,No Current,Neutral,39,6739.045344,22,,,,
Aleksandr Astapov,RUS,03/25/2018,LEN Cup,"Eilat, ISR",10,No Current,Neutral,39,6794.084736,23,,,,
Kirill Dolgov,RUS,03/25/2018,LEN Cup,"Eilat, ISR",10,No Current,Neutral,39,6796.065024,24,,,,
Mikhail Lipskii,RUS,03/25/2018,LEN Cup,"Eilat, ISR",10,No Current,Neutral,39,6800.02992,25,,,,
Nikita Nekrasov,RUS,03/25/2018,LEN Cup,"Eilat, ISR",10,No Current,Neutral,39,6804.059616,26,,,,
Mathieu Mattelaer,BEL,03/25/2018,LEN Cup,"Eilat, ISR",10,No Current,Neutral,39,6811.034688,27,,,,
Peter Galicz,HUN,03/25/2018,LEN Cup,"Eilat, ISR",10,No Current,Neutral,39,6814.00512,28,,,,
Vit Ingeduld,CZE,03/25/2018,LEN Cup,"Eilat, ISR",10,No Current,Neutral,39,6814.055232,29,,,,
Federico Salghetti-Drioli,SUI,03/25/2018,LEN Cup,"Eilat, ISR",10,No Current,Neutral,39,6818.000256,30,,,,
Vladislav Utrobin,RUS,03/25/2018,LEN Cup,"Eilat, ISR",10,No Current,Neutral,39,6820.0704,31,,,,
Sergei Zhevlakov,RUS,03/25/2018,LEN Cup,"Eilat, ISR",10,No Current,Neutral,39,6832.0152,32,,,,
Nikita Khotko,RUS,03/25/2018,LEN Cup,"Eilat, ISR",10,No Current,Neutral,39,7016.049792,33,,,,
Ivan Fratic,SVK,03/25/2018,LEN Cup,"Eilat, ISR",10,No Current,Neutral,39,7047.080352,34,,,,
Yonatan Sharon Rosin,ISR,03/25/2018,LEN Cup,"Eilat, ISR",10,No Current,Neutral,39,7049.025216,35,,,,
Ido Gal,ISR,03/25/2018,LEN Cup,"Eilat, ISR",10,No Current,Neutral,39,7054.030368,36,,,,
Ilia Okorokov,RUS,03/25/2018,LEN Cup,"Eilat, ISR",10,No Current,Neutral,39,7134.094656,37,,,,
Idan Mordel,ISR,03/25/2018,LEN Cup,"Eilat, ISR",10,No Current,Neutral,39,7135.02,38,,,,
Clil Halevi,ISR,03/25/2018,LEN Cup,"Eilat, ISR",10,No Current,Neutral,39,7143.02496,39,,,,
end,,,2018_03_25_LEN_Eilat_10km,,,,,,,0,,,,
Florian Wellbrock,GER,05/31/2018,LEN Cup,"Gravelines, FRA",5,No Current,Neutral,108,2655,1,,,,
Ferry Weertman,NED,05/31/2018,LEN Cup,"Gravelines, FRA",5,No Current,Neutral,108,2667,2,,,,
Rob Muffels,GER,05/31/2018,LEN Cup,"Gravelines, FRA",5,No Current,Neutral,108,2667,3,,,,
Logan Fontaine,FRA,05/31/2018,LEN Cup,"Gravelines, FRA",5,No Current,Neutral,108,2667.4,4,,,,
David Aubry,FRA,05/31/2018,LEN Cup,"Gravelines, FRA",5,No Current,Neutral,108,2668,5,,,,
Marc-Antoine Olivier,FRA,05/31/2018,LEN Cup,"Gravelines, FRA",5,No Current,Neutral,108,2668.2,6,,,,
Jack Burnell,GBR,05/31/2018,LEN Cup,"Gravelines, FRA",5,No Current,Neutral,108,2668.3,7,,,,
Michael Brinegar,USA,05/31/2018,LEN Cup,"Gravelines, FRA",5,No Current,Neutral,108,2668.9,8,,,,
Axel Reymond,FRA,05/31/2018,LEN Cup,"Gravelines, FRA",5,No Current,Neutral,108,2669,9,,,,
Matteo Furlan,ITA,05/31/2018,LEN Cup,"Gravelines, FRA",5,No Current,Neutral,108,2669.8,10,,,,
Pasquale Sanzullo,ITA,05/31/2018,LEN Cup,"Gravelines, FRA",5,No Current,Neutral,108,2671,11,,,,
Taylor Abbott,USA,05/31/2018,LEN Cup,"Gravelines, FRA",5,No Current,Neutral,108,2671.5,12,,,,
Pepijn Smits,NED,05/31/2018,LEN Cup,"Gravelines, FRA",5,No Current,Neutral,108,2672.5,13,,,,
Brendan Casey,USA,05/31/2018,LEN Cup,"Gravelines, FRA",5,No Current,Neutral,108,2672.9,14,,,,
Enzo Roldan Munoz,FRA,05/31/2018,LEN Cup,"Gravelines, FRA",5,No Current,Neutral,108,2673,15,,,,
Alberto Martinez,ESP,05/31/2018,LEN Cup,"Gravelines, FRA",5,No Current,Neutral,108,2674,16,,,,
Diogo Villarinho,BRA,05/31/2018,LEN Cup,"Gravelines, FRA",5,No Current,Neutral,108,2684,17,,,,
Marcel Schouten,NED,05/31/2018,LEN Cup,"Gravelines, FRA",5,No Current,Neutral,108,2685,18,,,,
Niklas Frach,GER,05/31/2018,LEN Cup,"Gravelines, FRA",5,No Current,Neutral,108,2685.2,19,,,,
Pol Gil,ESP,05/31/2018,LEN Cup,"Gravelines, FRA",5,No Current,Neutral,108,2686.2,20,,,,
Jean-Baptiste Clusman,FRA,05/31/2018,LEN Cup,"Gravelines, FRA",5,No Current,Neutral,108,2688,21,,,,
Logan Vanhuys,BEL,05/31/2018,LEN Cup,"Gravelines, FRA",5,No Current,Neutral,108,2688,22,,,,
Raul Santiago Betancor,ESP,05/31/2018,LEN Cup,"Gravelines, FRA",5,No Current,Neutral,108,2688.1,23,,,,
Marcello Guidi,ITA,05/31/2018,LEN Cup,"Gravelines, FRA",5,No Current,Neutral,108,2733.2,24,,,,
Clement Batte,FRA,05/31/2018,LEN Cup,"Gravelines, FRA",5,No Current,Neutral,108,2749.4,25,,,,
Dimitrios Negris,GRE,05/31/2018,LEN Cup,"Gravelines, FRA",5,No Current,Neutral,108,2752.9,26,,,,
Athanasios Kynigakis,GRE,05/31/2018,LEN Cup,"Gravelines, FRA",5,No Current,Neutral,108,2753.4,27,,,,
Mark Papp,HUN,05/31/2018,LEN Cup,"Gravelines, FRA",5,No Current,Neutral,108,2763.4,28,,,,
David Heron,USA,05/31/2018,LEN Cup,"Gravelines, FRA",5,No Current,Neutral,108,2764,29,,,,
Dario Verani,ITA,05/31/2018,LEN Cup,"Gravelines, FRA",5,No Current,Neutral,108,2765,30,,,,
Yuval Safra,ISR,05/31/2018,LEN Cup,"Gravelines, FRA",5,No Current,Neutral,108,2765,31,,,,
Rafael Gil,POR,05/31/2018,LEN Cup,"Gravelines, FRA",5,No Current,Neutral,108,2766,32,,,,
Hugo Saillard,FRA,05/31/2018,LEN Cup,"Gravelines, FRA",5,No Current,Neutral,108,2766,33,,,,
Brennan Gravley,USA,05/31/2018,LEN Cup,"Gravelines, FRA",5,No Current,Neutral,108,2784,34,,,,
Guillem Pujol,ESP,05/31/2018,LEN Cup,"Gravelines, FRA",5,No Current,Neutral,108,2784.6,35,,,,
Daniel Szekelyi,HUN,05/31/2018,LEN Cup,"Gravelines, FRA",5,No Current,Neutral,108,2785,36,,,,
Fares Zitouni,FRA,05/31/2018,LEN Cup,"Gravelines, FRA",5,No Current,Neutral,108,2788.1,37,,,,
Gaspar Andrade Budino,ESP,05/31/2018,LEN Cup,"Gravelines, FRA",5,No Current,Neutral,108,2795.6,38,,,,
Zoltán Drigan,HUN,05/31/2018,LEN Cup,"Gravelines, FRA",5,No Current,Neutral,108,2797.1,39,,,,
Edouard Lehoux,FRA,05/31/2018,LEN Cup,"Gravelines, FRA",5,No Current,Neutral,108,2800,40,,,,
Ferran Julia Tous,ESP,05/31/2018,LEN Cup,"Gravelines, FRA",5,No Current,Neutral,108,2840,41,,,,
Mathieu Mattelaer,BEL,05/31/2018,LEN Cup,"Gravelines, FRA",5,No Current,Neutral,108,2849.1,42,,,,
Martinez Marcos Godoy,ESP,05/31/2018,LEN Cup,"Gravelines, FRA",5,No Current,Neutral,108,2873.9,43,,,,
Planella Roger Coma,ESP,05/31/2018,LEN Cup,"Gravelines, FRA",5,No Current,Neutral,108,2876,44,,,,
Naim Mokhfi,FRA,05/31/2018,LEN Cup,"Gravelines, FRA",5,No Current,Neutral,108,2890.5,45,,,,
Matej Kozubek,CZE,05/31/2018,LEN Cup,"Gravelines, FRA",5,No Current,Neutral,108,2892,46,,,,
Vit Ingeduld,CZE,05/31/2018,LEN Cup,"Gravelines, FRA",5,No Current,Neutral,108,2892.8,47,,,,
Tiago Campos,POR,05/31/2018,LEN Cup,"Gravelines, FRA",5,No Current,Neutral,108,2893,48,,,,
Maxence Dessoit,FRA,05/31/2018,LEN Cup,"Gravelines, FRA",5,No Current,Neutral,108,2895,49,,,,
Asterios Daldogiannis,GRE,05/31/2018,LEN Cup,"Gravelines, FRA",5,No Current,Neutral,108,2895.5,50,,,,
Alexis Vandevelde,FRA,05/31/2018,LEN Cup,"Gravelines, FRA",5,No Current,Neutral,108,2897,51,,,,
Thomas Jansen,NED,05/31/2018,LEN Cup,"Gravelines, FRA",5,No Current,Neutral,108,2901.6,52,,,,
Georgios Arniakos,GRE,05/31/2018,LEN Cup,"Gravelines, FRA",5,No Current,Neutral,108,2910,53,,,,
Clement Kukla,FRA,05/31/2018,LEN Cup,"Gravelines, FRA",5,No Current,Neutral,108,2962.9,54,,,,
Paul Nitschke,GER,05/31/2018,LEN Cup,"Gravelines, FRA",5,No Current,Neutral,108,2965,55,,,,
Charley Iriart,FRA,05/31/2018,LEN Cup,"Gravelines, FRA",5,No Current,Neutral,108,3001.8,56,,,,
Jose Paula Carvalho,POR,05/31/2018,LEN Cup,"Gravelines, FRA",5,No Current,Neutral,108,3005,57,,,,
Pierre Bouchon,FRA,05/31/2018,LEN Cup,"Gravelines, FRA",5,No Current,Neutral,108,3009,58,,,,
Mathieu Mathy Ben Rahou,FRA,05/31/2018,LEN Cup,"Gravelines, FRA",5,No Current,Neutral,108,3015,59,,,,
Julien Zinsmeister,FRA,05/31/2018,LEN Cup,"Gravelines, FRA",5,No Current,Neutral,108,3062,60,,,,
David Pouliot,CAN,05/31/2018,LEN Cup,"Gravelines, FRA",5,No Current,Neutral,108,3124.4,61,,,,
Fabien Schapman,FRA,05/31/2018,LEN Cup,"Gravelines, FRA",5,No Current,Neutral,108,3141.6,62,,,,
Jorgos Skotadis,NED,05/31/2018,LEN Cup,"Gravelines, FRA",5,No Current,Neutral,108,3145,63,,,,
Vojislav Sterba,CZE,05/31/2018,LEN Cup,"Gravelines, FRA",5,No Current,Neutral,108,3252,64,,,,
Pablo Le Corre,FRA,05/31/2018,LEN Cup,"Gravelines, FRA",5,No Current,Neutral,108,3252.4,65,,,,
Eliott Prybil,FRA,05/31/2018,LEN Cup,"Gravelines, FRA",5,No Current,Neutral,108,3254,66,,,,
Manuel Tome Sanles,ESP,05/31/2018,LEN Cup,"Gravelines, FRA",5,No Current,Neutral,108,3304.7,67,,,,
Alexandre Verplaetse,FRA,05/31/2018,LEN Cup,"Gravelines, FRA",5,No Current,Neutral,108,3315,68,,,,
Sander Crooijmans,NED,05/31/2018,LEN Cup,"Gravelines, FRA",5,No Current,Neutral,108,3329.2,69,,,,
Evgenij Pop Acev,MKD,05/31/2018,LEN Cup,"Gravelines, FRA",5,No Current,Neutral,108,3338.1,70,,,,
Baptiste Decamps,FRA,05/31/2018,LEN Cup,"Gravelines, FRA",5,No Current,Neutral,108,3340,71,,,,
Edouard Belanger,CAN,05/31/2018,LEN Cup,"Gravelines, FRA",5,No Current,Neutral,108,3345,72,,,,
Vincent Crooijmans,NED,05/31/2018,LEN Cup,"Gravelines, FRA",5,No Current,Neutral,108,3357,73,,,,
Jean-Baptiste Antonetti,FRA,05/31/2018,LEN Cup,"Gravelines, FRA",5,No Current,Neutral,108,3358,74,,,,
Guillaume Roux,FRA,05/31/2018,LEN Cup,"Gravelines, FRA",5,No Current,Neutral,108,3361,75,,,,
Axel Parisot,FRA,05/31/2018,LEN Cup,"Gravelines, FRA",5,No Current,Neutral,108,3422,76,,,,
Philippe Landriault,CAN,05/31/2018,LEN Cup,"Gravelines, FRA",5,No Current,Neutral,108,3423,77,,,,
Benjamin Lortie,CAN,05/31/2018,LEN Cup,"Gravelines, FRA",5,No Current,Neutral,108,3500,78,,,,
Lucas Bonnal,FRA,05/31/2018,LEN Cup,"Gravelines, FRA",5,No Current,Neutral,108,3540,79,,,,
David Kuipers,NED,05/31/2018,LEN Cup,"Gravelines, FRA",5,No Current,Neutral,108,3541,80,,,,
Jules Remy,FRA,05/31/2018,LEN Cup,"Gravelines, FRA",5,No Current,Neutral,108,3543,81,,,,
Kyllian Lemarchand,FRA,05/31/2018,LEN Cup,"Gravelines, FRA",5,No Current,Neutral,108,3545,82,,,,
Jan Hercog,AUT,05/31/2018,LEN Cup,"Gravelines, FRA",5,No Current,Neutral,108,3570,83,,,,
Victor Varoqui,FRA,05/31/2018,LEN Cup,"Gravelines, FRA",5,No Current,Neutral,108,80,84,,,,
Johan Boscher,FRA,05/31/2018,LEN Cup,"Gravelines, FRA",5,No Current,Neutral,108,80.8,85,,,,
Amadou Ndiaye,FRA,05/31/2018,LEN Cup,"Gravelines, FRA",5,No Current,Neutral,108,83,86,,,,
Alexandre Mouilley,FRA,05/31/2018,LEN Cup,"Gravelines, FRA",5,No Current,Neutral,108,129.7,87,,,,
Patrick Hussey,CAN,05/31/2018,LEN Cup,"Gravelines, FRA",5,No Current,Neutral,108,131.3,88,,,,
Anthony Mercury,FRA,05/31/2018,LEN Cup,"Gravelines, FRA",5,No Current,Neutral,108,133,89,,,,
Merlin Boursier,FRA,05/31/2018,LEN Cup,"Gravelines, FRA",5,No Current,Neutral,108,141,90,,,,
Michael Denham,FRA,05/31/2018,LEN Cup,"Gravelines, FRA",5,No Current,Neutral,108,165,91,,,,
Victor Coisnon,FRA,05/31/2018,LEN Cup,"Gravelines, FRA",5,No Current,Neutral,108,200,92,,,,
Aurélien Latapy,FRA,05/31/2018,LEN Cup,"Gravelines, FRA",5,No Current,Neutral,108,242.1,93,,,,
Pablo Subero,FRA,05/31/2018,LEN Cup,"Gravelines, FRA",5,No Current,Neutral,108,260,94,,,,
Paul Lesprit,FRA,05/31/2018,LEN Cup,"Gravelines, FRA",5,No Current,Neutral,108,290,95,,,,
Clément Habasque,FRA,05/31/2018,LEN Cup,"Gravelines, FRA",5,No Current,Neutral,108,326,96,,,,
Jeremy Branger,FRA,05/31/2018,LEN Cup,"Gravelines, FRA",5,No Current,Neutral,108,345,97,,,,
Edouard Visbecq,FRA,05/31/2018,LEN Cup,"Gravelines, FRA",5,No Current,Neutral,108,665.6,98,,,,
Laurent Guillard,FRA,05/31/2018,LEN Cup,"Gravelines, FRA",5,No Current,Neutral,108,1234,99,,,,
Adrien Pezeron,FRA,05/31/2018,LEN Cup,"Gravelines, FRA",5,No Current,Neutral,108,1243.2,100,,,,
Thomas Renaud,FRA,05/31/2018,LEN Cup,"Gravelines, FRA",5,No Current,Neutral,108,1604.2,101,,,,
Sébastien Chedru,FRA,05/31/2018,LEN Cup,"Gravelines, FRA",5,No Current,Neutral,108,1387.6,102,,,,
end,,,2018_05_31_LEN_Gravelines_5km,,,,,,,0,,,,
Kristof Rasovszky,HUN,06/30/2018,LEN Cup,"Barcelona, ESP",10,No Current,Neutral,48,6630.050016,1,,,,
Marc-Antoine Olivier,FRA,06/30/2018,LEN Cup,"Barcelona, ESP",10,No Current,Neutral,48,6651.02016,2,,,,
Axel Reymond,FRA,06/30/2018,LEN Cup,"Barcelona, ESP",10,No Current,Neutral,48,6666.009696,3,,,,
Pasquale Sanzullo,ITA,06/30/2018,LEN Cup,"Barcelona, ESP",10,No Current,Neutral,48,6667.019712,4,,,,
Logan Fontaine,FRA,06/30/2018,LEN Cup,"Barcelona, ESP",10,No Current,Neutral,48,6671.045088,5,,,,
Mark Papp,HUN,06/30/2018,LEN Cup,"Barcelona, ESP",10,No Current,Neutral,48,6673.015008,6,,,,
Logan Vanhuys,BEL,06/30/2018,LEN Cup,"Barcelona, ESP",10,No Current,Neutral,48,6673.06512,7,,,,
Tobias Patrick Robinson,GBR,06/30/2018,LEN Cup,"Barcelona, ESP",10,No Current,Neutral,48,6674.999616,8,,,,
Guillem Pujol,ESP,06/30/2018,LEN Cup,"Barcelona, ESP",10,No Current,Neutral,48,6675.045408,9,,,,
Pol Gil,ESP,06/30/2018,LEN Cup,"Barcelona, ESP",10,No Current,Neutral,48,6678.000288,10,,,,
Alessio Occhipinti,ITA,06/30/2018,LEN Cup,"Barcelona, ESP",10,No Current,Neutral,48,6678.999936,11,,,,
Raul Santiago Betancor,ESP,06/30/2018,LEN Cup,"Barcelona, ESP",10,No Current,Neutral,48,6679.030176,12,,,,
Dario Verani,ITA,06/30/2018,LEN Cup,"Barcelona, ESP",10,No Current,Neutral,48,6679.044864,13,,,,
Matej Kozubek,CZE,06/30/2018,LEN Cup,"Barcelona, ESP",10,No Current,Neutral,48,6679.055232,14,,,,
Marcello Guidi,ITA,06/30/2018,LEN Cup,"Barcelona, ESP",10,No Current,Neutral,48,6679.06992,15,,,,
Alexander Studzinski,GER,06/30/2018,LEN Cup,"Barcelona, ESP",10,No Current,Neutral,48,6681.00528,16,,,,
Alberto Martinez,ESP,06/30/2018,LEN Cup,"Barcelona, ESP",10,No Current,Neutral,48,6682.049856,17,,,,
Samuel Pizzetti,ITA,06/30/2018,LEN Cup,"Barcelona, ESP",10,No Current,Neutral,48,6683.045184,18,,,,
Zoltán Drigan,HUN,06/30/2018,LEN Cup,"Barcelona, ESP",10,No Current,Neutral,48,6685.000416,19,,,,
Zoltán Márk Tabi,HUN,06/30/2018,LEN Cup,"Barcelona, ESP",10,No Current,Neutral,48,6686.095104,20,,,,
Enzo Roldan Munoz,FRA,06/30/2018,LEN Cup,"Barcelona, ESP",10,No Current,Neutral,48,6693.054624,21,,,,
Gaspar Andrade Budino,ESP,06/30/2018,LEN Cup,"Barcelona, ESP",10,No Current,Neutral,48,6700.070304,22,,,,
Tamas Farkas,SRB,06/30/2018,LEN Cup,"Barcelona, ESP",10,No Current,Neutral,48,6709.040352,23,,,,
Clement Batte,FRA,06/30/2018,LEN Cup,"Barcelona, ESP",10,No Current,Neutral,48,6717.065184,24,,,,
Fares Zitouni,FRA,06/30/2018,LEN Cup,"Barcelona, ESP",10,No Current,Neutral,48,6726.01968,25,,,,
Rafael Gil,POR,06/30/2018,LEN Cup,"Barcelona, ESP",10,No Current,Neutral,48,6759.004608,26,,,,
Sebastien Dureux,FRA,06/30/2018,LEN Cup,"Barcelona, ESP",10,No Current,Neutral,48,6847.054848,27,,,,
Jose Paula Carvalho,POR,06/30/2018,LEN Cup,"Barcelona, ESP",10,No Current,Neutral,48,6849.060192,28,,,,
Hector Thomas Cheal Pardoe,GBR,06/30/2018,LEN Cup,"Barcelona, ESP",10,No Current,Neutral,48,6850.065024,29,,,,
Aubin Coccordano,FRA,06/30/2018,LEN Cup,"Barcelona, ESP",10,No Current,Neutral,48,6851.094912,30,,,,
Vit Ingeduld,CZE,06/30/2018,LEN Cup,"Barcelona, ESP",10,No Current,Neutral,48,6855.020064,31,,,,
Milan Fabian,HUN,06/30/2018,LEN Cup,"Barcelona, ESP",10,No Current,Neutral,48,6858.005184,32,,,,
Arnau Honrubia Cerda,ESP,06/30/2018,LEN Cup,"Barcelona, ESP",10,No Current,Neutral,48,6859.090368,33,,,,
Peter Galicz,HUN,06/30/2018,LEN Cup,"Barcelona, ESP",10,No Current,Neutral,48,6913.010016,34,,,,
Jules Wallart,FRA,06/30/2018,LEN Cup,"Barcelona, ESP",10,No Current,Neutral,48,6951.095136,35,,,,
Jean-Baptiste Clusman,FRA,06/30/2018,LEN Cup,"Barcelona, ESP",10,No Current,Neutral,48,6958.095264,36,,,,
Pablo Benitez Dominguez,ESP,06/30/2018,LEN Cup,"Barcelona, ESP",10,No Current,Neutral,48,6965.054784,37,,,,
Caleb Hughes,GBR,06/30/2018,LEN Cup,"Barcelona, ESP",10,No Current,Neutral,48,7003.050048,38,,,,
Lars Bottelier,NED,07/01/2018,LEN Cup,"Barcelona, ESP",10,No Current,Neutral,49,7014.000384,39,,,,
Vojislav Sterba,CZE,07/02/2018,LEN Cup,"Barcelona, ESP",10,No Current,Neutral,50,7153.024896,40,,,,
David Sebesta,CZE,07/03/2018,LEN Cup,"Barcelona, ESP",10,No Current,Neutral,51,7153.039584,41,,,,
Maxence Dessoit,FRA,07/04/2018,LEN Cup,"Barcelona, ESP",10,No Current,Neutral,52,7155,42,,,,
Jorgos Skotadis,NED,07/05/2018,LEN Cup,"Barcelona, ESP",10,No Current,Neutral,53,7303.019616,43,,,,
Patrick Hussey,CAN,07/06/2018,LEN Cup,"Barcelona, ESP",10,No Current,Neutral,54,7397.000352,44,,,,
Eric Georges Brown,CAN,07/07/2018,LEN Cup,"Barcelona, ESP",10,No Current,Neutral,55,7435.060416,45,,,,
Enzo Teule,FRA,07/08/2018,LEN Cup,"Barcelona, ESP",10,No Current,Neutral,56,7442.05536,46,,,,
Andrew Edwards,CAN,07/09/2018,LEN Cup,"Barcelona, ESP",10,No Current,Neutral,57,7454.039904,47,,,,
Martin Dimitrov,CAN,07/10/2018,LEN Cup,"Barcelona, ESP",10,No Current,Neutral,58,7463.029824,48,,,,
end,,,2018_07_10_LEN_Barcelona_10km,,,,,,,0,,,,
Pasquale Sanzullo,ITA,07/28/2018,LEN Cup,"Navia, ESP",10,No Current,Neutral,24,6282.002304,1,,,,
Dario Verani,ITA,07/28/2018,LEN Cup,"Navia, ESP",10,No Current,Neutral,24,6286.006944,2,,,,
Marcello Guidi,ITA,07/28/2018,LEN Cup,"Navia, ESP",10,No Current,Neutral,24,6287.004864,3,,,,
Logan Vanhuys,BEL,07/28/2018,LEN Cup,"Navia, ESP",10,No Current,Neutral,24,6332.003712,4,,,,
Niklas Frach,GER,07/28/2018,LEN Cup,"Navia, ESP",10,No Current,Neutral,24,6341.009184,5,,,,
Fares Zitouni,FRA,07/28/2018,LEN Cup,"Navia, ESP",10,No Current,Neutral,24,6344.000352,6,,,,
Andrea Bianchi,ITA,07/28/2018,LEN Cup,"Navia, ESP",10,No Current,Neutral,24,6347.007936,7,,,,
Baptiste Colmant,FRA,07/28/2018,LEN Cup,"Navia, ESP",10,No Current,Neutral,24,6349.00464,8,,,,
Pablo Le Corre,FRA,07/28/2018,LEN Cup,"Navia, ESP",10,No Current,Neutral,24,6352.000992,9,,,,
Mark Papp,HUN,07/28/2018,LEN Cup,"Navia, ESP",10,No Current,Neutral,24,6371.000352,10,,,,
David Huszti,HUN,07/28/2018,LEN Cup,"Navia, ESP",10,No Current,Neutral,24,6399.00432,11,,,,
Roger Coma,ESP,07/28/2018,LEN Cup,"Navia, ESP",10,No Current,Neutral,24,6466.008384,12,,,,
Milan Fabian,HUN,07/28/2018,LEN Cup,"Navia, ESP",10,No Current,Neutral,24,6573.007872,13,,,,
Gaspar Andrade Budino,ESP,07/28/2018,LEN Cup,"Navia, ESP",10,No Current,Neutral,24,6576.000768,14,,,,
Eric Villaregut De Mingo,ESP,07/28/2018,LEN Cup,"Navia, ESP",10,No Current,Neutral,24,6580.007136,15,,,,
Mathieu Mattelaer,BEL,07/28/2018,LEN Cup,"Navia, ESP",10,No Current,Neutral,24,6582.002976,16,,,,
Marcos Godoy,ESP,07/28/2018,LEN Cup,"Navia, ESP",10,No Current,Neutral,24,6591.00672,17,,,,
Arnau Honrubia Cerda,ESP,07/28/2018,LEN Cup,"Navia, ESP",10,No Current,Neutral,24,6593.006016,18,,,,
Tomas Peciar,SLO,07/28/2018,LEN Cup,"Navia, ESP",10,No Current,Neutral,24,7496.002656,19,,,,
Kyriakos Mavrakis,GRE,07/28/2018,LEN Cup,"Navia, ESP",10,No Current,Neutral,24,7503.003648,20,,,,
end,,,2018_07_28_LEN_Navia_10km,,,,,,,0,,,,
Kristof Rasovszky,HUN,08/25/2018,LEN Cup,"Copenhagen, DEN",6,No Current,Neutral,19,4062.96,1,,,,
Roman Kozhevnikov,RUS,08/25/2018,LEN Cup,"Copenhagen, DEN",6,No Current,Neutral,19,4063.9968,2,,,,
Pasquale Sanzullo,ITA,08/25/2018,LEN Cup,"Copenhagen, DEN",6,No Current,Neutral,19,4065.0336,3,,,,
Marcello Guidi,ITA,08/25/2018,LEN Cup,"Copenhagen, DEN",6,No Current,Neutral,19,4067.0208,4,,,,
Aleksandr Astapov,RUS,08/25/2018,LEN Cup,"Copenhagen, DEN",6,No Current,Neutral,19,4076.0064,5,,,,
Alessio Occhipinti,ITA,08/25/2018,LEN Cup,"Copenhagen, DEN",6,No Current,Neutral,19,4077.0432,6,,,,
Niklas Frach,GER,08/25/2018,LEN Cup,"Copenhagen, DEN",6,No Current,Neutral,19,4095.9648,7,,,,
Ilia Okorokov,RUS,08/25/2018,LEN Cup,"Copenhagen, DEN",6,No Current,Neutral,19,4100.0256,8,,,,
Vladislav Utrobin,RUS,08/25/2018,LEN Cup,"Copenhagen, DEN",6,No Current,Neutral,19,4107.024,9,,,,
Idan Mordel,ISR,08/25/2018,LEN Cup,"Copenhagen, DEN",6,No Current,Neutral,19,4117.9968,10,,,,
Szilard Galyassy,HUN,08/25/2018,LEN Cup,"Copenhagen, DEN",6,No Current,Neutral,19,4117.9968,11,,,,
Christopher Jedel,SWE,08/25/2018,LEN Cup,"Copenhagen, DEN",6,No Current,Neutral,19,4123.9584,12,,,,
Peter Mandrup Madsen,DEN,08/25/2018,LEN Cup,"Copenhagen, DEN",6,No Current,Neutral,19,4227.0336,13,,,,
Kristian Kron,SWE,08/25/2018,LEN Cup,"Copenhagen, DEN",6,No Current,Neutral,19,4243.0176,14,,,,
Samuel Pizzetti,ITA,08/25/2018,LEN Cup,"Copenhagen, DEN",6,No Current,Neutral,19,4309.0272,15,,,,
Mattias Glenesk,SWE,08/25/2018,LEN Cup,"Copenhagen, DEN",6,No Current,Neutral,19,4316.0256,16,,,,
Frederik Jessen,DEN,08/25/2018,LEN Cup,"Copenhagen, DEN",6,No Current,Neutral,19,4339.008,17,,,,
Mads Holm,DEN,08/25/2018,LEN Cup,"Copenhagen, DEN",6,No Current,Neutral,19,4339.9584,18,,,,
Metehan Altuntop,TUR,08/25/2018,LEN Cup,"Copenhagen, DEN",6,No Current,Neutral,19,4971.9744,19,,,,
end,,,2018_08_25_LEN_Copenhagen_6km,,,,,,,0,,,,
Kristof Rasovszky,HUN,09/09/2018,LEN Cup,"Bled, SLO",5,No Current,Neutral,28,3180.5,1,,,,
Pasquale Sanzullo,ITA,09/09/2018,LEN Cup,"Bled, SLO",5,No Current,Neutral,28,3182.4,2,,,,
Niklas Frach,GER,09/09/2018,LEN Cup,"Bled, SLO",5,No Current,Neutral,28,3184.5,3,,,,
Marcello Guidi,ITA,09/09/2018,LEN Cup,"Bled, SLO",5,No Current,Neutral,28,3184.8,4,,,,
Soeren Meissner,GER,09/09/2018,LEN Cup,"Bled, SLO",5,No Current,Neutral,28,3185.3,5,,,,
Raul Santiago Betancor,ESP,09/09/2018,LEN Cup,"Bled, SLO",5,No Current,Neutral,28,3189.5,6,,,,
Matej Kozubek,CZE,09/09/2018,LEN Cup,"Bled, SLO",5,No Current,Neutral,28,3191.2,7,,,,
Pol Gil,ESP,09/09/2018,LEN Cup,"Bled, SLO",5,No Current,Neutral,28,3192.7,8,,,,
Guillem Pujol,ESP,09/09/2018,LEN Cup,"Bled, SLO",5,No Current,Neutral,28,3223.5,9,,,,
Vit Ingeduld,CZE,09/09/2018,LEN Cup,"Bled, SLO",5,No Current,Neutral,28,3226.4,10,,,,
Danie Marais,RSA,09/09/2018,LEN Cup,"Bled, SLO",5,No Current,Neutral,28,3227.9,11,,,,
Alberto Martinez,ESP,09/09/2018,LEN Cup,"Bled, SLO",5,No Current,Neutral,28,3229.6,12,,,,
Gaspar Andrade Budino,ESP,09/09/2018,LEN Cup,"Bled, SLO",5,No Current,Neutral,28,3268.2,13,,,,
David Sebesta,CZE,09/09/2018,LEN Cup,"Bled, SLO",5,No Current,Neutral,28,3311.4,14,,,,
Jan Hercog,AUT,09/09/2018,LEN Cup,"Bled, SLO",5,No Current,Neutral,28,3315.1,15,,,,
Ivan Fratic,SVK,09/09/2018,LEN Cup,"Bled, SLO",5,No Current,Neutral,28,3353,16,,,,
Martin Straka,CZE,09/09/2018,LEN Cup,"Bled, SLO",5,No Current,Neutral,28,3353.4,17,,,,
Stephanus J.L. Roodt,RSA,09/09/2018,LEN Cup,"Bled, SLO",5,No Current,Neutral,28,3453,18,,,,
Kristian Kron,SWE,09/09/2018,LEN Cup,"Bled, SLO",5,No Current,Neutral,28,3458.2,19,,,,
Max Brandenstein,GER,09/09/2018,LEN Cup,"Bled, SLO",5,No Current,Neutral,28,3464.2,20,,,,
Marco Sonntag,AUT,09/09/2018,LEN Cup,"Bled, SLO",5,No Current,Neutral,28,3470.3,21,,,,
Wielligh Reino Jan Von,RSA,09/09/2018,LEN Cup,"Bled, SLO",5,No Current,Neutral,28,3472.8,22,,,,
Christian Willem Kriel,RSA,09/09/2018,LEN Cup,"Bled, SLO",5,No Current,Neutral,28,3481.4,23,,,,
Carl Goransson,SWE,09/09/2018,LEN Cup,"Bled, SLO",5,No Current,Neutral,28,3603.007872,24,,,,
Rok Pecar,SLO,09/09/2018,LEN Cup,"Bled, SLO",5,No Current,Neutral,28,3677.999616,25,,,,
Muhammad Adam,RSA,09/09/2018,LEN Cup,"Bled, SLO",5,No Current,Neutral,28,3790.001664,26,,,,
Alexander Pichler,AUT,09/09/2018,LEN Cup,"Bled, SLO",5,No Current,Neutral,28,3797.008704,27,,,,
Joshua Oliver Gultig,RSA,09/09/2018,LEN Cup,"Bled, SLO",5,No Current,Neutral,28,3931.007328,28,,,,
end,,,2018_09_09_LEN_Bled_5km,,,,,,,0,,,,
Marc-Antoine Olivier,FRA,03/31/2019,LEN Cup,"Eilat, ISR",10,No Current,Neutral,70,6777.0432,1,,,,
David Aubry,FRA,03/31/2019,LEN Cup,"Eilat, ISR",10,No Current,Neutral,70,6779.0304,2,,,,
Kirill Abrosimov,RUS,03/31/2019,LEN Cup,"Eilat, ISR",10,No Current,Neutral,70,6781.0176,3,,,,
Logan Fontaine,FRA,03/31/2019,LEN Cup,"Eilat, ISR",10,No Current,Neutral,70,6786.9792,4,,,,
Jack Burnell,GBR,03/31/2019,LEN Cup,"Eilat, ISR",10,No Current,Neutral,70,6802.9632,5,,,,
Rob Muffels,GER,03/31/2019,LEN Cup,"Eilat, ISR",10,No Current,Neutral,70,6804,6,,,,
Tobias Patrick Robinson,GBR,03/31/2019,LEN Cup,"Eilat, ISR",10,No Current,Neutral,70,6805.0368,7,,,,
Matan Roditi,ISR,03/31/2019,LEN Cup,"Eilat, ISR",10,No Current,Neutral,70,6805.9872,8,,,,
Axel Reymond,FRA,03/31/2019,LEN Cup,"Eilat, ISR",10,No Current,Neutral,70,6805.9872,9,,,,
Logan Vanhuys,BEL,03/31/2019,LEN Cup,"Eilat, ISR",10,No Current,Neutral,70,6807.024,10,,,,
Mario Sanzullo,ITA,03/31/2019,LEN Cup,"Eilat, ISR",10,No Current,Neutral,70,6807.024,11,,,,
Damien Joly,FRA,03/31/2019,LEN Cup,"Eilat, ISR",10,No Current,Neutral,70,6807.024,12,,,,
Kirill Belyaev,RUS,03/31/2019,LEN Cup,"Eilat, ISR",10,No Current,Neutral,70,6809.9616,13,,,,
Yuval Safra,ISR,03/31/2019,LEN Cup,"Eilat, ISR",10,No Current,Neutral,70,6810.9984,14,,,,
Simone Ruffini,ITA,03/31/2019,LEN Cup,"Eilat, ISR",10,No Current,Neutral,70,6812.0352,15,,,,
Anton Evsikov,RUS,03/31/2019,LEN Cup,"Eilat, ISR",10,No Current,Neutral,70,6821.0208,16,,,,
Daniel Szekelyi,HUN,03/31/2019,LEN Cup,"Eilat, ISR",10,No Current,Neutral,70,6823.008,17,,,,
Andreas Waschburger,GER,03/31/2019,LEN Cup,"Eilat, ISR",10,No Current,Neutral,70,6828.0192,18,,,,
Nathan Hughes,GBR,03/31/2019,LEN Cup,"Eilat, ISR",10,No Current,Neutral,70,6833.0304,19,,,,
Shahar Resman,ISR,03/31/2019,LEN Cup,"Eilat, ISR",10,No Current,Neutral,70,6835.0176,20,,,,
Matej Kozubek,CZE,03/31/2019,LEN Cup,"Eilat, ISR",10,No Current,Neutral,70,6863.9616,21,,,,
Hector Thomas Cheal Pardoe,GBR,03/31/2019,LEN Cup,"Eilat, ISR",10,No Current,Neutral,70,6864.9984,22,,,,
Krzysztof Pielowski,POL,03/31/2019,LEN Cup,"Eilat, ISR",10,No Current,Neutral,70,6866.0352,23,,,,
Artem Mamushkin,RUS,03/31/2019,LEN Cup,"Eilat, ISR",10,No Current,Neutral,70,6870.0096,24,,,,
Ido Gal,ISR,03/31/2019,LEN Cup,"Eilat, ISR",10,No Current,Neutral,70,6889.0176,25,,,,
Guillem Pujol,ESP,03/31/2019,LEN Cup,"Eilat, ISR",10,No Current,Neutral,70,6891.0048,26,,,,
Vit Ingeduld,CZE,03/31/2019,LEN Cup,"Eilat, ISR",10,No Current,Neutral,70,6892.992,27,,,,
Aleksandr Astapov,RUS,03/31/2019,LEN Cup,"Eilat, ISR",10,No Current,Neutral,70,6892.992,28,,,,
Denis Adeev,RUS,03/31/2019,LEN Cup,"Eilat, ISR",10,No Current,Neutral,70,6896.9664,29,,,,
Joris Bouchaut,FRA,03/31/2019,LEN Cup,"Eilat, ISR",10,No Current,Neutral,70,6927.0336,30,,,,
Alexis Vandevelde,FRA,03/31/2019,LEN Cup,"Eilat, ISR",10,No Current,Neutral,70,6927.0336,31,,,,
Ruslan Sadykov,RUS,03/31/2019,LEN Cup,"Eilat, ISR",10,No Current,Neutral,70,6931.008,32,,,,
Idan Mordel,ISR,03/31/2019,LEN Cup,"Eilat, ISR",10,No Current,Neutral,70,6932.9952,33,,,,
Clement Kukla,FRA,03/31/2019,LEN Cup,"Eilat, ISR",10,No Current,Neutral,70,6932.9952,34,,,,
Jean-Baptiste Clusman,FRA,03/31/2019,LEN Cup,"Eilat, ISR",10,No Current,Neutral,70,6934.032,35,,,,
Igor Chervynskiy,UKR,03/31/2019,LEN Cup,"Eilat, ISR",10,No Current,Neutral,70,6936.0192,36,,,,
Lars Bottelier,NED,03/31/2019,LEN Cup,"Eilat, ISR",10,No Current,Neutral,70,6936.0192,37,,,,
Shai Toledano,ISR,03/31/2019,LEN Cup,"Eilat, ISR",10,No Current,Neutral,70,6939.9936,38,,,,
Vladislav Utrobin,RUS,03/31/2019,LEN Cup,"Eilat, ISR",10,No Current,Neutral,70,6941.9808,39,,,,
Clement Batte,FRA,03/31/2019,LEN Cup,"Eilat, ISR",10,No Current,Neutral,70,6953.04,40,,,,
Hugo Saillard,FRA,03/31/2019,LEN Cup,"Eilat, ISR",10,No Current,Neutral,70,6955.9776,41,,,,
Peter Galicz,HUN,03/31/2019,LEN Cup,"Eilat, ISR",10,No Current,Neutral,70,6976.0224,42,,,,
Roman Kozhevnikov,RUS,03/31/2019,LEN Cup,"Eilat, ISR",10,No Current,Neutral,70,6976.9728,43,,,,
Maxence Dessoit,FRA,03/31/2019,LEN Cup,"Eilat, ISR",10,No Current,Neutral,70,6985.9584,44,,,,
Naim Mokhfi,FRA,03/31/2019,LEN Cup,"Eilat, ISR",10,No Current,Neutral,70,6986.9952,45,,,,
Ilia Okorokov,RUS,03/31/2019,LEN Cup,"Eilat, ISR",10,No Current,Neutral,70,6993.9936,46,,,,
Jan Adrian Urbaniak,POL,03/31/2019,LEN Cup,"Eilat, ISR",10,No Current,Neutral,70,7007.04,47,,,,
Roger Coma,ESP,03/31/2019,LEN Cup,"Eilat, ISR",10,No Current,Neutral,70,7016.0256,48,,,,
Alexandre Verplaetse,FRA,03/31/2019,LEN Cup,"Eilat, ISR",10,No Current,Neutral,70,7053.0048,49,,,,
Eric Villaregut De Mingo,ESP,03/31/2019,LEN Cup,"Eilat, ISR",10,No Current,Neutral,70,7098.9696,50,,,,
Marin Debril,FRA,03/31/2019,LEN Cup,"Eilat, ISR",10,No Current,Neutral,70,7112.9664,51,,,,
Mattias Glenesk,SWE,03/31/2019,LEN Cup,"Eilat, ISR",10,No Current,Neutral,70,7131.024,52,,,,
Aubin Coccordano,FRA,03/31/2019,LEN Cup,"Eilat, ISR",10,No Current,Neutral,70,7133.9616,53,,,,
Jules Wallart,FRA,03/31/2019,LEN Cup,"Eilat, ISR",10,No Current,Neutral,70,7147.9584,54,,,,
Ziv Cohen,ISR,03/31/2019,LEN Cup,"Eilat, ISR",10,No Current,Neutral,70,7169.04,55,,,,
Leo Ouabdesselam,FRA,03/31/2019,LEN Cup,"Eilat, ISR",10,No Current,Neutral,70,7180.0128,56,,,,
Sebastien Dureux,FRA,03/31/2019,LEN Cup,"Eilat, ISR",10,No Current,Neutral,70,7279.0272,57,,,,
Tomas Peciar,SVK,03/31/2019,LEN Cup,"Eilat, ISR",10,No Current,Neutral,70,7502.976,58,,,,
Daniel Polishschuk,ISR,03/31/2019,LEN Cup,"Eilat, ISR",10,No Current,Neutral,70,7504.0128,59,,,,
Leo Teule,FRA,03/31/2019,LEN Cup,"Eilat, ISR",10,No Current,Neutral,70,7516.0224,60,,,,
Clement Cabioch,FRA,03/31/2019,LEN Cup,"Eilat, ISR",10,No Current,Neutral,70,7708.0032,61,,,,
Nicolas Ioannides,CYP,03/31/2019,LEN Cup,"Eilat, ISR",10,No Current,Neutral,70,7709.04,62,,,,
Jakov Igrec,CRO,03/31/2019,LEN Cup,"Eilat, ISR",10,No Current,Neutral,70,7791.0336,63,,,,
Ariel Korobov,ISR,03/31/2019,LEN Cup,"Eilat, ISR",10,No Current,Neutral,70,7791.0336,64,,,,
Leonard Lajcuk,SVK,03/31/2019,LEN Cup,"Eilat, ISR",10,No Current,Neutral,70,8295.0048,65,,,,
end,,,2019_03_31_LEN_Eilat_10km,,,,,,,0,,,,
David Aubry,FRA,05/23/2019,LEN Cup,"Brive, FRA",10,No Current,Neutral,111,6871.044672,1,,,,
Athanasios Kynigakis,GRE,05/23/2019,LEN Cup,"Brive, FRA",10,No Current,Neutral,111,6876.047232,2,,,,
Alberto Martinez,ESP,05/23/2019,LEN Cup,"Brive, FRA",10,No Current,Neutral,111,6878.009376,3,,,,
Fares Zitouni,FRA,05/23/2019,LEN Cup,"Brive, FRA",10,No Current,Neutral,111,6914.018304,4,,,,
Matan Roditi,ISR,05/23/2019,LEN Cup,"Brive, FRA",10,No Current,Neutral,111,6915.089664,5,,,,
Clement Batte,FRA,05/23/2019,LEN Cup,"Brive, FRA",10,No Current,Neutral,111,6919.069248,6,,,,
Hau-Li Fan,CAN,05/23/2019,LEN Cup,"Brive, FRA",10,No Current,Neutral,111,6920.067168,7,,,,
Gergely Gyurta,HUN,05/23/2019,LEN Cup,"Brive, FRA",10,No Current,Neutral,111,6922.023264,8,,,,
Logan Vanhuys,BEL,05/23/2019,LEN Cup,"Brive, FRA",10,No Current,Neutral,111,6923.047968,9,,,,
Guillem Pujol,ESP,05/23/2019,LEN Cup,"Brive, FRA",10,No Current,Neutral,111,6924.004416,10,,,,
Clement Kukla,FRA,05/23/2019,LEN Cup,"Brive, FRA",10,No Current,Neutral,111,6925.017888,11,,,,
Yuval Safra,ISR,05/23/2019,LEN Cup,"Brive, FRA",10,No Current,Neutral,111,6925.070592,12,,,,
Rafael Gil,POR,05/23/2019,LEN Cup,"Brive, FRA",10,No Current,Neutral,111,6926.000256,13,,,,
Pol Gil,ESP,05/23/2019,LEN Cup,"Brive, FRA",10,No Current,Neutral,111,6927.096672,14,,,,
Jon Thomas Mckay,CAN,05/23/2019,LEN Cup,"Brive, FRA",10,No Current,Neutral,111,6940.065312,15,,,,
Reilly Kennedy,AUS,05/23/2019,LEN Cup,"Brive, FRA",10,No Current,Neutral,111,6945.066144,16,,,,
Nicolas Masse-Savard,CAN,05/23/2019,LEN Cup,"Brive, FRA",10,No Current,Neutral,111,6950.068704,17,,,,
Pepijn Smits,NED,05/23/2019,LEN Cup,"Brive, FRA",10,No Current,Neutral,111,6983.083872,18,,,,
Marcel Schouten,NED,05/23/2019,LEN Cup,"Brive, FRA",10,No Current,Neutral,111,6987.053088,19,,,,
Raul Santiago Betancor,ESP,05/23/2019,LEN Cup,"Brive, FRA",10,No Current,Neutral,111,6990.07968,20,,,,
Planella Roger Coma,ESP,05/23/2019,LEN Cup,"Brive, FRA",10,No Current,Neutral,111,6993.024192,21,,,,
Ferran Julia Tous,ESP,05/23/2019,LEN Cup,"Brive, FRA",10,No Current,Neutral,111,7000.049376,22,,,,
Federico Salghetti-Drioli,SUI,05/23/2019,LEN Cup,"Brive, FRA",10,No Current,Neutral,111,7002.098784,23,,,,
Asterios Daldogiannis,GRE,05/23/2019,LEN Cup,"Brive, FRA",10,No Current,Neutral,111,7063.072128,24,,,,
Georgios Arniakos,GRE,05/23/2019,LEN Cup,"Brive, FRA",10,No Current,Neutral,111,7074.074304,25,,,,
Jules Wallart,FRA,05/23/2019,LEN Cup,"Brive, FRA",10,No Current,Neutral,111,7092.033408,26,,,,
Eric Hedlin,CAN,05/23/2019,LEN Cup,"Brive, FRA",10,No Current,Neutral,111,7102.06272,27,,,,
Tiago Campos,POR,05/23/2019,LEN Cup,"Brive, FRA",10,No Current,Neutral,111,7118.004384,28,,,,
Hugo Saillard,FRA,05/23/2019,LEN Cup,"Brive, FRA",10,No Current,Neutral,111,7175.05776,29,,,,
Krzysztof Pielowski,POL,05/23/2019,LEN Cup,"Brive, FRA",10,No Current,Neutral,111,7185.022272,30,,,,
Jean-Baptiste Clusman,FRA,05/23/2019,LEN Cup,"Brive, FRA",10,No Current,Neutral,111,7189.000128,31,,,,
Raben Dommann,CAN,05/23/2019,LEN Cup,"Brive, FRA",10,No Current,Neutral,111,7195.05072,32,,,,
Eric Villaregut De Mingo,ESP,05/23/2019,LEN Cup,"Brive, FRA",10,No Current,Neutral,111,7203.02112,33,,,,
Marin Debril,FRA,05/23/2019,LEN Cup,"Brive, FRA",10,No Current,Neutral,111,7203.026304,34,,,,
Samuel Matte,CAN,05/23/2019,LEN Cup,"Brive, FRA",10,No Current,Neutral,111,7230.020256,35,,,,
Mathieu Mathy Ben Rahou,FRA,05/23/2019,LEN Cup,"Brive, FRA",10,No Current,Neutral,111,7245.057312,36,,,,
Aubin Coccordano,FRA,05/23/2019,LEN Cup,"Brive, FRA",10,No Current,Neutral,111,7264.00224,37,,,,
Lars Bottelier,NED,05/23/2019,LEN Cup,"Brive, FRA",10,No Current,Neutral,111,7269.074784,38,,,,
Maxence Dessoit,FRA,05/23/2019,LEN Cup,"Brive, FRA",10,No Current,Neutral,111,7287.008832,39,,,,
Mathieu Sahuc,FRA,05/23/2019,LEN Cup,"Brive, FRA",10,No Current,Neutral,111,7294.999968,40,,,,
Hugo Savignac,FRA,05/23/2019,LEN Cup,"Brive, FRA",10,No Current,Neutral,111,7304.999904,41,,,,
Bogdan Petre,ROU,05/23/2019,LEN Cup,"Brive, FRA",10,No Current,Neutral,111,7479.006048,42,,,,
Alexandre Verplaetse,FRA,05/23/2019,LEN Cup,"Brive, FRA",10,No Current,Neutral,111,7479.089856,43,,,,
Dany Pedro Caille,POR,05/23/2019,LEN Cup,"Brive, FRA",10,No Current,Neutral,111,7479.999648,44,,,,
Alexis Amory,FRA,05/23/2019,LEN Cup,"Brive, FRA",10,No Current,Neutral,111,7503.076224,45,,,,
Diogo Nunes,POR,05/23/2019,LEN Cup,"Brive, FRA",10,No Current,Neutral,111,7518.097728,46,,,,
Julien Zinsmeister,FRA,05/23/2019,LEN Cup,"Brive, FRA",10,No Current,Neutral,111,7524.093888,47,,,,
Sander Crooijmans,NED,05/23/2019,LEN Cup,"Brive, FRA",10,No Current,Neutral,111,7526.029248,48,,,,
Paul Lesprit,FRA,05/23/2019,LEN Cup,"Brive, FRA",10,No Current,Neutral,111,7529.010912,49,,,,
Seppe Marichal,BEL,05/23/2019,LEN Cup,"Brive, FRA",10,No Current,Neutral,111,7531.023168,50,,,,
Corentin Gouezec,FRA,05/23/2019,LEN Cup,"Brive, FRA",10,No Current,Neutral,111,7546.04208,51,,,,
Tomas Peciar,SVK,05/23/2019,LEN Cup,"Brive, FRA",10,No Current,Neutral,111,7559.001216,52,,,,
Mats Baradat,FRA,05/23/2019,LEN Cup,"Brive, FRA",10,No Current,Neutral,111,7559.007264,53,,,,
Leo Teule,FRA,05/23/2019,LEN Cup,"Brive, FRA",10,No Current,Neutral,111,7562.045088,54,,,,
Jules Remy,FRA,05/23/2019,LEN Cup,"Brive, FRA",10,No Current,Neutral,111,7567.019136,55,,,,
Vincent Crooijmans,NED,05/23/2019,LEN Cup,"Brive, FRA",10,No Current,Neutral,111,7569.999936,56,,,,
Malek Louissi,TUN,05/23/2019,LEN Cup,"Brive, FRA",10,No Current,Neutral,111,7581.086784,57,,,,
Simon Bachmann,FRA,05/23/2019,LEN Cup,"Brive, FRA",10,No Current,Neutral,111,7603.042752,58,,,,
Jan Hercog,AUT,05/23/2019,LEN Cup,"Brive, FRA",10,No Current,Neutral,111,7676.092224,59,,,,
Naim Mokhfi,FRA,05/23/2019,LEN Cup,"Brive, FRA",10,No Current,Neutral,111,7715.067264,60,,,,
Alexandre Mouilley,FRA,05/23/2019,LEN Cup,"Brive, FRA",10,No Current,Neutral,111,7755.092064,61,,,,
Baptiste Decamps,FRA,05/23/2019,LEN Cup,"Brive, FRA",10,No Current,Neutral,111,7770.000384,62,,,,
Amadou Ndiaye,SEN,05/23/2019,LEN Cup,"Brive, FRA",10,No Current,Neutral,111,7855.079328,63,,,,
Jean-Baptiste Antonetti,FRA,05/23/2019,LEN Cup,"Brive, FRA",10,No Current,Neutral,111,7855.085376,64,,,,
Kyllian Lemarchand,FRA,05/23/2019,LEN Cup,"Brive, FRA",10,No Current,Neutral,111,7875.082656,65,,,,
Baptiste Colmant,FRA,05/23/2019,LEN Cup,"Brive, FRA",10,No Current,Neutral,111,7955.000064,66,,,,
Valentin Duteil,FRA,05/23/2019,LEN Cup,"Brive, FRA",10,No Current,Neutral,111,7967.011392,67,,,,
Walid Bouftini,FRA,05/23/2019,LEN Cup,"Brive, FRA",10,No Current,Neutral,111,8056.083744,68,,,,
Amaury Rocha De Oliveira,FRA,05/23/2019,LEN Cup,"Brive, FRA",10,No Current,Neutral,111,8068.067424,69,,,,
Ioané Bourny,FRA,05/23/2019,LEN Cup,"Brive, FRA",10,No Current,Neutral,111,8076.087936,70,,,,
Eliott Prybil,FRA,05/23/2019,LEN Cup,"Brive, FRA",10,No Current,Neutral,111,8161.098624,71,,,,
Léonard Le Sand,FRA,05/23/2019,LEN Cup,"Brive, FRA",10,No Current,Neutral,111,8252.024256,72,,,,
Alexandre Lindmann,FRA,05/23/2019,LEN Cup,"Brive, FRA",10,No Current,Neutral,111,8260.085376,73,,,,
Florian Lafon,FRA,05/23/2019,LEN Cup,"Brive, FRA",10,No Current,Neutral,111,8325.058176,74,,,,
Tom Lerno,FRA,05/23/2019,LEN Cup,"Brive, FRA",10,No Current,Neutral,111,8366.033376,75,,,,
Matija Luka Rafaj,CRO,05/23/2019,LEN Cup,"Brive, FRA",10,No Current,Neutral,111,8393.073984,76,,,,
Merlin Boursier,FRA,05/23/2019,LEN Cup,"Brive, FRA",10,No Current,Neutral,111,8425.08864,77,,,,
Noam Franchi,FRA,05/23/2019,LEN Cup,"Brive, FRA",10,No Current,Neutral,111,8522.02512,78,,,,
Tom Waldeck,FRA,05/23/2019,LEN Cup,"Brive, FRA",10,No Current,Neutral,111,8614.048896,79,,,,
Jérémie Herault,FRA,05/23/2019,LEN Cup,"Brive, FRA",10,No Current,Neutral,111,8634.087648,80,,,,
Gauthier Pierron,FRA,05/23/2019,LEN Cup,"Brive, FRA",10,No Current,Neutral,111,8635.000032,81,,,,
end,,,2019_05_23_LEN_Brive_10km,,,,,,,0,,,,
Andrea Manzi,ITA,06/29/2019,LEN Cup,"Barcelona, ESP",10,No Current,Neutral,43,6796.00368,1,,,,
Matej Kozubek,CZE,06/29/2019,LEN Cup,"Barcelona, ESP",10,No Current,Neutral,43,6796.006272,2,,,,
Pol Gil,ESP,06/29/2019,LEN Cup,"Barcelona, ESP",10,No Current,Neutral,43,6818.004576,3,,,,
Federico Vanelli,ITA,06/29/2019,LEN Cup,"Barcelona, ESP",10,No Current,Neutral,43,6820.00128,4,,,,
Peter Galicz,HUN,06/29/2019,LEN Cup,"Barcelona, ESP",10,No Current,Neutral,43,6822.00576,5,,,,
Hector Thomas Cheal Pardoe,GBR,06/29/2019,LEN Cup,"Barcelona, ESP",10,No Current,Neutral,43,6824.007648,6,,,,
Fares Zitouni,FRA,06/29/2019,LEN Cup,"Barcelona, ESP",10,No Current,Neutral,43,6826.006944,7,,,,
Zoltán Márk Tabi,HUN,06/29/2019,LEN Cup,"Barcelona, ESP",10,No Current,Neutral,43,6828.001056,8,,,,
Vit Ingeduld,CZE,06/29/2019,LEN Cup,"Barcelona, ESP",10,No Current,Neutral,43,6831.007776,9,,,,
Ferran Julia Tous,ESP,06/29/2019,LEN Cup,"Barcelona, ESP",10,No Current,Neutral,43,6831.999648,10,,,,
Marcel Schouten,NED,06/29/2019,LEN Cup,"Barcelona, ESP",10,No Current,Neutral,43,6847.00128,11,,,,
Clement Batte,FRA,06/29/2019,LEN Cup,"Barcelona, ESP",10,No Current,Neutral,43,6849.002304,12,,,,
Jean-Baptiste Clusman,FRA,06/29/2019,LEN Cup,"Barcelona, ESP",10,No Current,Neutral,43,6851.007648,13,,,,
Mathieu Mathy Ben Rahou,FRA,06/29/2019,LEN Cup,"Barcelona, ESP",10,No Current,Neutral,43,6858.999648,14,,,,
Nathan Hughes,GBR,06/29/2019,LEN Cup,"Barcelona, ESP",10,No Current,Neutral,43,6859.001376,15,,,,
Gaspar Andrade Budino,ESP,06/29/2019,LEN Cup,"Barcelona, ESP",10,No Current,Neutral,43,6862.00032,16,,,,
Planella Roger Coma,ESP,06/29/2019,LEN Cup,"Barcelona, ESP",10,No Current,Neutral,43,6863.00688,17,,,,
Jules Wallart,FRA,06/29/2019,LEN Cup,"Barcelona, ESP",10,No Current,Neutral,43,6863.999616,18,,,,
Angel De Oña Ramirez,ESP,06/29/2019,LEN Cup,"Barcelona, ESP",10,No Current,Neutral,43,6864.003936,19,,,,
Alexandre Lages Brion,ESP,06/29/2019,LEN Cup,"Barcelona, ESP",10,No Current,Neutral,43,6906.005568,20,,,,
Escriba Pol Yagües,ESP,06/29/2019,LEN Cup,"Barcelona, ESP",10,No Current,Neutral,43,6909.000192,21,,,,
Naim Mokhfi,FRA,06/29/2019,LEN Cup,"Barcelona, ESP",10,No Current,Neutral,43,7007.006304,22,,,,
David Sebesta,CZE,06/29/2019,LEN Cup,"Barcelona, ESP",10,No Current,Neutral,43,7012.001952,23,,,,
Leo Ouabdesselam,FRA,06/29/2019,LEN Cup,"Barcelona, ESP",10,No Current,Neutral,43,7077.00672,24,,,,
Bogdan Petre,ROU,06/29/2019,LEN Cup,"Barcelona, ESP",10,No Current,Neutral,43,7155.001728,25,,,,
Hugo Saillard,FRA,06/29/2019,LEN Cup,"Barcelona, ESP",10,No Current,Neutral,43,7161.008256,26,,,,
Vojislav Sterba,CZE,06/29/2019,LEN Cup,"Barcelona, ESP",10,No Current,Neutral,43,7229.000736,27,,,,
Martin Straka,CZE,06/29/2019,LEN Cup,"Barcelona, ESP",10,No Current,Neutral,43,7257.00384,28,,,,
Enrique Gutierrez Ramirez,ESP,06/29/2019,LEN Cup,"Barcelona, ESP",10,No Current,Neutral,43,7304.003712,29,,,,
Levente Selmeci,HUN,06/29/2019,LEN Cup,"Barcelona, ESP",10,No Current,Neutral,43,7326.00288,30,,,,
Jules Remy,FRA,06/29/2019,LEN Cup,"Barcelona, ESP",10,No Current,Neutral,43,7337.0016,31,,,,
Jakub Kacerovsky,CZE,06/29/2019,LEN Cup,"Barcelona, ESP",10,No Current,Neutral,43,7348.002048,32,,,,
Leo Teule,FRA,06/29/2019,LEN Cup,"Barcelona, ESP",10,No Current,Neutral,43,7547.008032,33,,,,
Wielligh Reino Von,RSA,06/29/2019,LEN Cup,"Barcelona, ESP",10,No Current,Neutral,43,7578.002304,34,,,,
Maxim Suk,CZE,06/29/2019,LEN Cup,"Barcelona, ESP",10,No Current,Neutral,43,7725.007584,35,,,,
Zac Ellis,RSA,06/29/2019,LEN Cup,"Barcelona, ESP",10,No Current,Neutral,43,7772.006592,36,,,,
Reece Zowitsky,RSA,06/29/2019,LEN Cup,"Barcelona, ESP",10,No Current,Neutral,43,7957.999872,37,,,,
Refiloe Mashao,RSA,06/29/2019,LEN Cup,"Barcelona, ESP",10,No Current,Neutral,43,8000.002368,38,,,,
Baptiste Kukla,FRA,06/29/2019,LEN Cup,"Barcelona, ESP",10,No Current,Neutral,43,8001.003744,39,,,,
Abdul-Malik Railoun,RSA,06/29/2019,LEN Cup,"Barcelona, ESP",10,No Current,Neutral,43,8108.00496,40,,,,
Joshua Tucker,RSA,06/29/2019,LEN Cup,"Barcelona, ESP",10,No Current,Neutral,43,8270.005824,41,,,,
end,,,2019_06_29_LEN_Barcelona_10km,,,,,,,0,,,,
Athanasios Kynigakis,GRE,08/18/2019,LEN Cup,"Ohrid Lake, MKD",10,No Current,Neutral,20,6424.005024,1,,,,
Daniel Szekelyi,HUN,08/18/2019,LEN Cup,"Ohrid Lake, MKD",10,No Current,Neutral,20,6428.002752,2,,,,
Yuval Safra,ISR,08/18/2019,LEN Cup,"Ohrid Lake, MKD",10,No Current,Neutral,20,6429.000672,3,,,,
Artem Mamushkin,RUS,08/18/2019,LEN Cup,"Ohrid Lake, MKD",10,No Current,Neutral,20,6447.009024,4,,,,
Matej Kozubek,CZE,08/18/2019,LEN Cup,"Ohrid Lake, MKD",10,No Current,Neutral,20,6452.002944,5,,,,
Andrea Manzi,ITA,08/18/2019,LEN Cup,"Ohrid Lake, MKD",10,No Current,Neutral,20,6453.006048,6,,,,
Idan Mordel,ISR,08/18/2019,LEN Cup,"Ohrid Lake, MKD",10,No Current,Neutral,20,6456.005856,7,,,,
Asterios Daldogiannis,GRE,08/18/2019,LEN Cup,"Ohrid Lake, MKD",10,No Current,Neutral,20,6458.00688,8,,,,
Vladislav Utrobin,RUS,08/18/2019,LEN Cup,"Ohrid Lake, MKD",10,No Current,Neutral,20,6459.00912,9,,,,
Tiago Campos,POR,08/18/2019,LEN Cup,"Ohrid Lake, MKD",10,No Current,Neutral,20,6459.002208,10,,,,
Rafael Gil,POR,08/18/2019,LEN Cup,"Ohrid Lake, MKD",10,No Current,Neutral,20,6461.008416,11,,,,
Evgenij Pop Acev,MKD,08/18/2019,LEN Cup,"Ohrid Lake, MKD",10,No Current,Neutral,20,6462.004608,12,,,,
Andrea Bianchi,ITA,08/18/2019,LEN Cup,"Ohrid Lake, MKD",10,No Current,Neutral,20,6465.0096,13,,,,
Ilia Okorokov,RUS,08/18/2019,LEN Cup,"Ohrid Lake, MKD",10,No Current,Neutral,20,6469.0056,14,,,,
Dmitri Titov,RUS,08/18/2019,LEN Cup,"Ohrid Lake, MKD",10,No Current,Neutral,20,6585.002784,15,,,,
Aleksandr Astapov,RUS,08/18/2019,LEN Cup,"Ohrid Lake, MKD",10,No Current,Neutral,20,6605.000064,16,,,,
Vojislav Sterba,CZE,08/18/2019,LEN Cup,"Ohrid Lake, MKD",10,No Current,Neutral,20,6606.006624,17,,,,
Martin Straka,CZE,08/18/2019,LEN Cup,"Ohrid Lake, MKD",10,No Current,Neutral,20,6658.002144,18,,,,
Aleksandar Ilievski,MKD,08/18/2019,LEN Cup,"Ohrid Lake, MKD",10,No Current,Neutral,20,7171.003008,19,,,,
Davor Petrovski,MKD,08/18/2019,LEN Cup,"Ohrid Lake, MKD",10,No Current,Neutral,20,7419.006432,20,,,,
end,,,2019_08_18_LEN_OhridLake_10km,,,,,,,0,,,,
Sören Dellef Meissner,GER,08/31/2019,LEN Cup,"Copenhagen, DEN",6,No Current,Neutral,14,4102.0128,1,,,,
Yuval Safra,ISR,08/31/2019,LEN Cup,"Copenhagen, DEN",6,No Current,Neutral,14,4105,2,,,,
Denis Adeev,RUS,08/31/2019,LEN Cup,"Copenhagen, DEN",6,No Current,Neutral,14,4105,3,,,,
Matej Kozubek,CZE,08/31/2019,LEN Cup,"Copenhagen, DEN",6,No Current,Neutral,14,4106,4,,,,
Vladislav Utrobin,RUS,08/31/2019,LEN Cup,"Copenhagen, DEN",6,No Current,Neutral,14,4109,5,,,,
Aleksandr Astapov,RUS,08/31/2019,LEN Cup,"Copenhagen, DEN",6,No Current,Neutral,14,4111,6,,,,
Aron Schmidt,GER,08/31/2019,LEN Cup,"Copenhagen, DEN",6,No Current,Neutral,14,4113,7,,,,
Artem Mamushkin,RUS,08/31/2019,LEN Cup,"Copenhagen, DEN",6,No Current,Neutral,14,4114,8,,,,
Vit Ingeduld,CZE,08/31/2019,LEN Cup,"Copenhagen, DEN",6,No Current,Neutral,14,4114,9,,,,
Vojislav Sterba,CZE,08/31/2019,LEN Cup,"Copenhagen, DEN",6,No Current,Neutral,14,4114,10,,,,
Mattias Glenesk,SWE,08/31/2019,LEN Cup,"Copenhagen, DEN",6,No Current,Neutral,14,4124,11,,,,
Christopher Jedel,SWE,08/31/2019,LEN Cup,"Copenhagen, DEN",6,No Current,Neutral,14,4126,12,,,,
Frederik Bojesen,DEN,08/31/2019,LEN Cup,"Copenhagen, DEN",6,No Current,Neutral,14,4205,13,,,,
Nicholas James Malan,RSA,08/31/2019,LEN Cup,"Copenhagen, DEN",6,No Current,Neutral,14,4756,14,,,,
end,,,2019_08_31_LEN_Copenhagen_6km,,,,,,,0,,,,
Kirill Abrosimov,RUS,03/08/2020,LEN Cup,"Eilat, ISR",10,No Current,Neutral,45,6729.31,1,,,,
Denis Adeev,RUS,03/08/2020,LEN Cup,"Eilat, ISR",10,No Current,Neutral,70,6738.16,2,,,,
Matan Roditi,ISR,03/08/2020,LEN Cup,"Eilat, ISR",10,No Current,Neutral,70,6739.16,3,,,,
Tobias Patrick Robinson,GBR,03/08/2020,LEN Cup,"Eilat, ISR",10,No Current,Neutral,70,6741.46,4,,,,
Matej Kozubek,CZE,03/08/2020,LEN Cup,"Eilat, ISR",10,No Current,Neutral,70,6742.51,5,,,,
Yuval Safra,ISR,03/08/2020,LEN Cup,"Eilat, ISR",10,No Current,Neutral,70,6750.36,6,,,,
Evgenii Drattcev,RUS,03/08/2020,LEN Cup,"Eilat, ISR",10,No Current,Neutral,70,6753.41,7,,,,
Kirill Belyaev,RUS,03/08/2020,LEN Cup,"Eilat, ISR",10,No Current,Neutral,70,6756.36,8,,,,
Anton Evsikov,RUS,03/08/2020,LEN Cup,"Eilat, ISR",10,No Current,Neutral,70,6756.56,9,,,,
Ido Gal,ISR,03/08/2020,LEN Cup,"Eilat, ISR",10,No Current,Neutral,70,6759.36,10,,,,
Pepijn Smits,NED,03/08/2020,LEN Cup,"Eilat, ISR",10,No Current,Neutral,70,6771.46,11,,,,
Artem Mamushkin,RUS,03/08/2020,LEN Cup,"Eilat, ISR",10,No Current,Neutral,70,6774.36,12,,,,
Vit Ingeduld,CZE,03/08/2020,LEN Cup,"Eilat, ISR",10,No Current,Neutral,70,6790.16,13,,,,
Krzysztof Pielowski,POL,03/08/2020,LEN Cup,"Eilat, ISR",10,No Current,Neutral,70,6888.81,14,,,,
Yonatan Ahdut,ISR,03/08/2020,LEN Cup,"Eilat, ISR",10,No Current,Neutral,70,6889.86,15,,,,
Tamas Farkas,SRB,03/08/2020,LEN Cup,"Eilat, ISR",10,No Current,Neutral,70,6905.81,16,,,,
Shahar Resman,ISR,03/08/2020,LEN Cup,"Eilat, ISR",10,No Current,Neutral,70,6907.61,17,,,,
Elliot Sodemann,SWE,03/08/2020,LEN Cup,"Eilat, ISR",10,No Current,Neutral,70,6910.66,18,,,,
Igor Chervynskiy,UKR,03/08/2020,LEN Cup,"Eilat, ISR",10,No Current,Neutral,70,6912.06,19,,,,
Ziv Cohen,ISR,03/08/2020,LEN Cup,"Eilat, ISR",10,No Current,Neutral,70,6912.16,20,,,,
Dmitri Titov,RUS,03/08/2020,LEN Cup,"Eilat, ISR",10,No Current,Neutral,70,6913.41,21,,,,
Kirill Dolgov,RUS,03/08/2020,LEN Cup,"Eilat, ISR",10,No Current,Neutral,70,6916.96,22,,,,
Bar Soloveychik,ISR,03/08/2020,LEN Cup,"Eilat, ISR",10,No Current,Neutral,70,6919.81,23,,,,
Batuhan Ecrin Pinar,TUR,03/08/2020,LEN Cup,"Eilat, ISR",10,No Current,Neutral,70,6996.46,24,,,,
Bogdan Petre,ROU,03/08/2020,LEN Cup,"Eilat, ISR",10,No Current,Neutral,70,7043.51,25,,,,
Daniel Polishschuk,ISR,03/08/2020,LEN Cup,"Eilat, ISR",10,No Current,Neutral,70,7049.51,26,,,,
Fedor Matveev,RUS,03/08/2020,LEN Cup,"Eilat, ISR",10,No Current,Neutral,70,7117.51,27,,,,
Levy Orr Horev,ISR,03/08/2020,LEN Cup,"Eilat, ISR",10,No Current,Neutral,70,7118.21,28,,,,
Yonatan Sharon Rosin,ISR,03/08/2020,LEN Cup,"Eilat, ISR",10,No Current,Neutral,70,7121.36,29,,,,
Idan Mordel,ISR,03/08/2020,LEN Cup,"Eilat, ISR",10,No Current,Neutral,70,7129.71,30,,,,
Christopher Jedel,SWE,03/08/2020,LEN Cup,"Eilat, ISR",10,No Current,Neutral,70,7141.31,31,,,,
Vladislav Utrobin,RUS,03/08/2020,LEN Cup,"Eilat, ISR",10,No Current,Neutral,70,7158.86,32,,,,
Alper Cagatay Ustununal,TUR,03/08/2020,LEN Cup,"Eilat, ISR",10,No Current,Neutral,70,7291.86,33,,,,
Polat Uzer Turnali,TUR,03/08/2020,LEN Cup,"Eilat, ISR",10,No Current,Neutral,70,7675.11,34,,,,
Sander Paavo,EST,03/08/2020,LEN Cup,"Eilat, ISR",10,No Current,Neutral,70,7759.76,35,,,,
Moshe Tzur Dvir,ISR,03/08/2020,LEN Cup,"Eilat, ISR",10,No Current,Neutral,70,7795.41,36,,,,
Jakub Poliacik,SVK,03/08/2020,LEN Cup,"Eilat, ISR",10,No Current,Neutral,70,7841.26,37,,,,
Nikita Arzibachev,ISR,03/08/2020,LEN Cup,"Eilat, ISR",10,No Current,Neutral,70,7863.66,38,,,,
Filip Polak,SVK,03/08/2020,LEN Cup,"Eilat, ISR",10,No Current,Neutral,70,7892.21,39,,,,
Ben Kaplan,ISR,03/08/2020,LEN Cup,"Eilat, ISR",10,No Current,Neutral,70,7962.06,40,,,,
end,,,2020_03_08_LEN_Eilat_10km,,,,,,,0,,,,
athlete_name,country,date,event,location,distance,current_type,temp,field_size,time,1,,,,
Marc-Antoine Olivier,FRA,08/14/2021,LEN Cup,"Lake Ohrid, MKD",10,No Current,Neutral,12,7856,2,,,,
Dario Verani,ITA,08/14/2021,LEN Cup,"Lake Ohrid, MKD",10,No Current,Neutral,12,7856.7,3,,,,
Niklas Frach,GER,08/14/2021,LEN Cup,"Lake Ohrid, MKD",10,No Current,Neutral,12,7860.4,4,,,,
Fabio Dalu,ITA,08/14/2021,LEN Cup,"Lake Ohrid, MKD",10,No Current,Neutral,12,7867,5,,,,
Athanasios Kynigakis,GRE,08/14/2021,LEN Cup,"Lake Ohrid, MKD",10,No Current,Neutral,12,7869,6,,,,
Tiago Campos,POR,08/14/2021,LEN Cup,"Lake Ohrid, MKD",10,No Current,Neutral,12,7870.1,7,,,,
Ido Gal,ISR,08/14/2021,LEN Cup,"Lake Ohrid, MKD",10,No Current,Neutral,12,7914.4,8,,,,
Evgenij Pop Acev,MKD,08/14/2021,LEN Cup,"Lake Ohrid, MKD",10,No Current,Neutral,12,7938.4,9,,,,
Matej Kozubek,CZE,08/14/2021,LEN Cup,"Lake Ohrid, MKD",10,No Current,Neutral,12,7978.5,10,,,,
Martim Carvalho,POR,08/14/2021,LEN Cup,"Lake Ohrid, MKD",10,No Current,Neutral,12,8571.3,11,,,,
Aleksandar Ilievski,MKD,08/14/2021,LEN Cup,"Lake Ohrid, MKD",10,No Current,Neutral,12,8577.9,12,,,,
end,,,2021_08_14_LEN_LakeOhrid_10km,,,,,,,0,,,,
Florian Wellbrock,GER,09/25/2021,LEN Cup,"Barcelona, ESP",10,No Current,Neutral,32,6500.01024,1,,,,
Domenico Acerenza,ITA,09/25/2021,LEN Cup,"Barcelona, ESP",10,No Current,Neutral,32,6501.079872,2,,,,
Gregorio Paltrinieri,ITA,09/25/2021,LEN Cup,"Barcelona, ESP",10,No Current,Neutral,32,6507.080352,3,,,,
Kristof Rasovszky,HUN,09/25/2021,LEN Cup,"Barcelona, ESP",10,No Current,Neutral,32,6520.010112,4,,,,
Oliver Klemet,GER,09/25/2021,LEN Cup,"Barcelona, ESP",10,No Current,Neutral,32,6521.079744,5,,,,
Marcel Schouten,NED,09/25/2021,LEN Cup,"Barcelona, ESP",10,No Current,Neutral,32,6525.04032,6,,,,
Andrea Manzi,ITA,09/25/2021,LEN Cup,"Barcelona, ESP",10,No Current,Neutral,32,6526.070208,7,,,,
Dario Verani,ITA,09/25/2021,LEN Cup,"Barcelona, ESP",10,No Current,Neutral,32,6529.000032,8,,,,
Daniel Szekelyi,HUN,09/25/2021,LEN Cup,"Barcelona, ESP",10,No Current,Neutral,32,6530.085216,9,,,,
Marc-Antoine Olivier,FRA,09/25/2021,LEN Cup,"Barcelona, ESP",10,No Current,Neutral,32,6539.08032,10,,,,
Axel Reymond,FRA,09/25/2021,LEN Cup,"Barcelona, ESP",10,No Current,Neutral,32,6578.019936,11,,,,
Guillem Pujol,ESP,09/25/2021,LEN Cup,"Barcelona, ESP",10,No Current,Neutral,32,6580.039968,12,,,,
Ben Langner,GER,09/25/2021,LEN Cup,"Barcelona, ESP",10,No Current,Neutral,32,6582.049632,13,,,,
Matthieu Magne,FRA,09/25/2021,LEN Cup,"Barcelona, ESP",10,No Current,Neutral,32,6589.090368,14,,,,
Angel De Oña Ramirez,ESP,09/25/2021,LEN Cup,"Barcelona, ESP",10,No Current,Neutral,32,6594.060096,15,,,,
Vincent Crooijmans,NED,09/25/2021,LEN Cup,"Barcelona, ESP",10,No Current,Neutral,32,6608.049984,16,,,,
Alejandro Puebla Martinez,ESP,09/25/2021,LEN Cup,"Barcelona, ESP",10,No Current,Neutral,32,6631.020288,17,,,,
Elliot Sodemann,SWE,09/25/2021,LEN Cup,"Barcelona, ESP",10,No Current,Neutral,32,6635.019744,18,,,,
Sander Crooijmans,NED,09/25/2021,LEN Cup,"Barcelona, ESP",10,No Current,Neutral,32,6696.069984,19,,,,
Raul Santiago Betancor,ESP,09/25/2021,LEN Cup,"Barcelona, ESP",10,No Current,Neutral,32,6704.089632,20,,,,
Pol Gil,ESP,09/25/2021,LEN Cup,"Barcelona, ESP",10,No Current,Neutral,32,6825.009888,21,,,,
Carlos Garach Benito,ESP,09/25/2021,LEN Cup,"Barcelona, ESP",10,No Current,Neutral,32,6885,22,,,,
Christian Schreiber,SUI,09/25/2021,LEN Cup,"Barcelona, ESP",10,No Current,Neutral,32,7155,23,,,,
Rob Muffels,GER,09/25/2021,LEN Cup,"Barcelona, ESP",10,No Current,Neutral,32,7271.06976,24,,,,
Diogo Cardoso,POR,09/25/2021,LEN Cup,"Barcelona, ESP",10,No Current,Neutral,32,7272.000288,25,,,,
László Gálicz,HUN,09/25/2021,LEN Cup,"Barcelona, ESP",10,No Current,Neutral,32,7299.0504,26,,,,
Theo Druenne,MON,09/25/2021,LEN Cup,"Barcelona, ESP",10,No Current,Neutral,32,7551.049824,27,,,,
Enzo Oumailia,FRA,09/25/2021,LEN Cup,"Barcelona, ESP",10,No Current,Neutral,32,7605.029952,28,,,,
end,,,2021_09_25_LEN_Barcelona_10km,,,,,,,0,,,,
Gregorio Paltrinieri,ITA,10/03/2021,LEN Cup,"Piombino, ITA",10,No Current,Neutral,51,6826.004352,1,,,,
Domenico Acerenza,ITA,10/03/2021,LEN Cup,"Piombino, ITA",10,No Current,Neutral,51,6826.005216,2,,,,
Kristof Rasovszky,HUN,10/03/2021,LEN Cup,"Piombino, ITA",10,No Current,Neutral,51,6827.002272,3,,,,
Dario Verani,ITA,10/03/2021,LEN Cup,"Piombino, ITA",10,No Current,Neutral,51,6827.00832,4,,,,
Andrea Manzi,ITA,10/03/2021,LEN Cup,"Piombino, ITA",10,No Current,Neutral,51,6830.000352,5,,,,
Axel Reymond,FRA,10/03/2021,LEN Cup,"Piombino, ITA",10,No Current,Neutral,51,6831.002592,6,,,,
Pasquale Sanzullo,ITA,10/03/2021,LEN Cup,"Piombino, ITA",10,No Current,Neutral,51,6833.003616,7,,,,
Marcel Schouten,NED,10/03/2021,LEN Cup,"Piombino, ITA",10,No Current,Neutral,51,6834.003264,8,,,,
David Betlehem,HUN,10/03/2021,LEN Cup,"Piombino, ITA",10,No Current,Neutral,51,6834.005856,9,,,,
Matteo Furlan,ITA,10/03/2021,LEN Cup,"Piombino, ITA",10,No Current,Neutral,51,6834.007584,10,,,,
Andreas Waschburger,GER,10/03/2021,LEN Cup,"Piombino, ITA",10,No Current,Neutral,51,6835.00896,11,,,,
Aaron Elias Schmidt,GER,10/03/2021,LEN Cup,"Piombino, ITA",10,No Current,Neutral,51,6835.999968,12,,,,
Daniel Szekelyi,HUN,10/03/2021,LEN Cup,"Piombino, ITA",10,No Current,Neutral,51,6836.005152,13,,,,
Adam Pinter,HUN,10/03/2021,LEN Cup,"Piombino, ITA",10,No Current,Neutral,51,6871.009248,14,,,,
Aleksandr Stepanov,RUS,10/03/2021,LEN Cup,"Piombino, ITA",10,No Current,Neutral,51,6876.008352,15,,,,
Matthieu Magne,FRA,10/03/2021,LEN Cup,"Piombino, ITA",10,No Current,Neutral,51,6888.000672,16,,,,
Martin Straka,CZE,10/03/2021,LEN Cup,"Piombino, ITA",10,No Current,Neutral,51,6890.005152,17,,,,
Andrea Filadelli,ITA,10/03/2021,LEN Cup,"Piombino, ITA",10,No Current,Neutral,51,6894.999936,18,,,,
Linus Schwedler,GER,10/03/2021,LEN Cup,"Piombino, ITA",10,No Current,Neutral,51,6915.004128,19,,,,
Mark Kovacsics,HUN,10/03/2021,LEN Cup,"Piombino, ITA",10,No Current,Neutral,51,6919.000128,20,,,,
Ben Langner,GER,10/03/2021,LEN Cup,"Piombino, ITA",10,No Current,Neutral,51,6925.004064,21,,,,
Arshak Hambardzumyan,HUN,10/03/2021,LEN Cup,"Piombino, ITA",10,No Current,Neutral,51,6925.006656,22,,,,
Emanuele Russo,ITA,10/03/2021,LEN Cup,"Piombino, ITA",10,No Current,Neutral,51,6925.009248,23,,,,
Zalan Sarkany,HUN,10/03/2021,LEN Cup,"Piombino, ITA",10,No Current,Neutral,51,6933.009024,24,,,,
Ruslan Sadykov,RUS,10/03/2021,LEN Cup,"Piombino, ITA",10,No Current,Neutral,51,6950.00736,25,,,,
Aleksander Lyubavskiy,RUS,10/03/2021,LEN Cup,"Piombino, ITA",10,No Current,Neutral,51,7013.007648,26,,,,
Giuseppe Ilario,ITA,10/03/2021,LEN Cup,"Piombino, ITA",10,No Current,Neutral,51,7014.00816,27,,,,
Alexandre Verplaetse,FRA,10/03/2021,LEN Cup,"Piombino, ITA",10,No Current,Neutral,51,7026.005664,28,,,,
Roman Sulev,RUS,10/03/2021,LEN Cup,"Piombino, ITA",10,No Current,Neutral,51,7047.006048,29,,,,
Peter Galicz,HUN,10/03/2021,LEN Cup,"Piombino, ITA",10,No Current,Neutral,51,7084.003392,30,,,,
Vladimir Muratov,RUS,10/03/2021,LEN Cup,"Piombino, ITA",10,No Current,Neutral,51,7170.00768,31,,,,
Christopher Jedel,SWE,10/03/2021,LEN Cup,"Piombino, ITA",10,No Current,Neutral,51,7194.007872,32,,,,
Ivan Giovannoni,ITA,10/03/2021,LEN Cup,"Piombino, ITA",10,No Current,Neutral,51,7214.005152,33,,,,
Federico Salghetti-Drioli,SUI,10/03/2021,LEN Cup,"Piombino, ITA",10,No Current,Neutral,51,7217.00496,34,,,,
Alexander Cooper,GBR,10/03/2021,LEN Cup,"Piombino, ITA",10,No Current,Neutral,51,7257.001248,35,,,,
Stepan Khachatrian,RUS,10/03/2021,LEN Cup,"Piombino, ITA",10,No Current,Neutral,51,7405.003584,36,,,,
Enzo Oumailia,FRA,10/03/2021,LEN Cup,"Piombino, ITA",10,No Current,Neutral,51,7510.006368,37,,,,
Grgo Mujan,CRO,10/03/2021,LEN Cup,"Piombino, ITA",10,No Current,Neutral,51,7529.004,38,,,,
David Ludvik,CZE,10/03/2021,LEN Cup,"Piombino, ITA",10,No Current,Neutral,51,7551.006624,39,,,,
Isaac Dodds,GBR,10/03/2021,LEN Cup,"Piombino, ITA",10,No Current,Neutral,51,7575.00768,40,,,,
Theo Druenne,MON,10/03/2021,LEN Cup,"Piombino, ITA",10,No Current,Neutral,51,7608.00384,41,,,,
end,,,2021_10_03_LEN_Piombino_10km,,,,,,,0,,,,
Gregorio Paltrinieri,ITA,10/09/2021,LEN Cup,"Alghero, ITA",10,No Current,Neutral,21,6900.00768,1,,,,
Domenico Acerenza,ITA,10/09/2021,LEN Cup,"Alghero, ITA",10,No Current,Neutral,21,6901.0056,2,,,,
Marc-Antoine Olivier,FRA,10/09/2021,LEN Cup,"Alghero, ITA",10,No Current,Neutral,21,6903.009216,3,,,,
Kristof Rasovszky,HUN,10/09/2021,LEN Cup,"Alghero, ITA",10,No Current,Neutral,21,6905.0016,4,,,,
Andrea Manzi,ITA,10/09/2021,LEN Cup,"Alghero, ITA",10,No Current,Neutral,21,6912.002592,5,,,,
Dario Verani,ITA,10/09/2021,LEN Cup,"Alghero, ITA",10,No Current,Neutral,21,6912.006048,6,,,,
Matteo Furlan,ITA,10/09/2021,LEN Cup,"Alghero, ITA",10,No Current,Neutral,21,6912.006912,7,,,,
Mark Kovacsics,HUN,10/09/2021,LEN Cup,"Alghero, ITA",10,No Current,Neutral,21,6915.00672,8,,,,
Adam Pinter,HUN,10/09/2021,LEN Cup,"Alghero, ITA",10,No Current,Neutral,21,6944.999616,9,,,,
Zalan Sarkany,HUN,10/09/2021,LEN Cup,"Alghero, ITA",10,No Current,Neutral,21,6946.006176,10,,,,
Andrea Filadelli,ITA,10/09/2021,LEN Cup,"Alghero, ITA",10,No Current,Neutral,21,6948.003744,11,,,,
Martin Straka,CZE,10/09/2021,LEN Cup,"Alghero, ITA",10,No Current,Neutral,21,6968.001888,12,,,,
Jan Hercog,AUT,10/09/2021,LEN Cup,"Alghero, ITA",10,No Current,Neutral,21,7009.002144,13,,,,
David Betlehem,HUN,10/09/2021,LEN Cup,"Alghero, ITA",10,No Current,Neutral,21,7018.001568,14,,,,
Seres Hunor Kovacs,HUN,10/09/2021,LEN Cup,"Alghero, ITA",10,No Current,Neutral,21,7021.001376,15,,,,
Fabio Dalu,ITA,10/09/2021,LEN Cup,"Alghero, ITA",10,No Current,Neutral,21,7038.009216,16,,,,
Lars Bottelier,NED,10/09/2021,LEN Cup,"Alghero, ITA",10,No Current,Neutral,21,7196.003712,17,,,,
Ivan Giovannoni,ITA,10/09/2021,LEN Cup,"Alghero, ITA",10,No Current,Neutral,21,7214.003424,18,,,,
Federico Salghetti-Drioli,SUI,10/09/2021,LEN Cup,"Alghero, ITA",10,No Current,Neutral,21,7215.001344,19,,,,
end,,,2021_10_09_LEN_Alghero_10km,,,,,,,0,,,,
