athlete_name,country,date,event,location,distance,current_type,temp,field_size,time,place
Kristof Rasovszky,HUN,08/03/2019,FINA World Cup,"Lac Megantic, CAN",10,No Current,Neutral,18,"7,606.30",1
Dario Verani,ITA,08/03/2019,FINA World Cup,"Lac Megantic, CAN",10,No Current,Neutral,18,"7,608.10",2
Hau-Li Fan,CAN,08/03/2019,FINA World Cup,"Lac Megantic, CAN",10,No Current,Neutral,18,"7,612.70",3
Matteo Furlan,ITA,08/03/2019,FINA World Cup,"Lac Megantic, CAN",10,No Current,Neutral,18,"7,612.80",4
Guillem Pujol,ESP,08/03/2019,FINA World Cup,"Lac Megantic, CAN",10,No Current,Neutral,18,"7,613.00",5
Lars Bottelier,NED,08/03/2019,FINA World Cup,"Lac Megantic, CAN",10,No Current,Neutral,18,"7,615.30",6
Marcel Schouten,NED,08/03/2019,FINA World Cup,"Lac Megantic, CAN",10,No Current,Neutral,18,"7,615.30",7
Andreas Waschburger,GER,08/03/2019,FINA World Cup,"Lac Megantic, CAN",10,No Current,Neutral,18,"7,617.50",8
Fernando Ponte,BRA,08/03/2019,FINA World Cup,"Lac Megantic, CAN",10,No Current,Neutral,18,"7,617.80",9
Evgenij Pop Acev,MKD,08/03/2019,FINA World Cup,"Lac Megantic, CAN",10,No Current,Neutral,18,"7,618.50",10
Daniel Delgadillo,MEX,08/03/2019,FINA World Cup,"Lac Megantic, CAN",10,No Current,Neutral,18,"7,621.70",11
Nicolas Masse-Savard,CAN,08/03/2019,FINA World Cup,"Lac Megantic, CAN",10,No Current,Neutral,18,"7,621.90",12
Alexandre Finco,BRA,08/03/2019,FINA World Cup,"Lac Megantic, CAN",10,No Current,Neutral,18,"7,669.00",13
David Pouliot,CAN,08/03/2019,FINA World Cup,"Lac Megantic, CAN",10,No Current,Neutral,18,"7,826.60",14
Solomon Wright,NZL,08/03/2019,FINA World Cup,"Lac Megantic, CAN",10,No Current,Neutral,18,"7,884.90",15
Chris Deegan,AUS,08/03/2019,FINA World Cup,"Lac Megantic, CAN",10,No Current,Neutral,18,"8,333.10",16
Edouard Belanger,CAN,08/03/2019,FINA World Cup,"Lac Megantic, CAN",10,No Current,Neutral,18,"8,475.00",17
Maxime Gagnon,CAN,08/03/2019,FINA World Cup,"Lac Megantic, CAN",10,No Current,Neutral,18,"8,607.20",18
end,,,2019_08_03_LacMegantic_10km,,,,,,,0
Axel Reymond,FRA,08/24/2019,FINA Grand Prix,"Ohrid Lake, MKD",25,No Current,Neutral,14,"19,255.30",1
Evgenij Pop Acev,MKD,08/24/2019,FINA Grand Prix,"Ohrid Lake, MKD",25,No Current,Neutral,14,"19,263.00",2
Francesco Ghettini,ITA,08/24/2019,FINA Grand Prix,"Ohrid Lake, MKD",25,No Current,Neutral,14,"19,269.30",3
Marcel Schouten,NED,08/24/2019,FINA Grand Prix,"Ohrid Lake, MKD",25,No Current,Neutral,14,"19,280.40",4
Edoardo Stochino,ITA,08/24/2019,FINA Grand Prix,"Ohrid Lake, MKD",25,No Current,Neutral,14,"19,280.40",5
Andrea Bianchi,ITA,08/24/2019,FINA Grand Prix,"Ohrid Lake, MKD",25,No Current,Neutral,14,"19,377.20",6
Matheus Emerim Evangelista,BRA,08/24/2019,FINA Grand Prix,"Ohrid Lake, MKD",25,No Current,Neutral,14,"19,689.40",7
Martin Carrizo Yunges,ARG,08/24/2019,FINA Grand Prix,"Ohrid Lake, MKD",25,No Current,Neutral,14,"20,003.70",8
Damian Blaum,ARG,08/24/2019,FINA Grand Prix,"Ohrid Lake, MKD",25,No Current,Neutral,14,"20,108.10",9
Matias Diaz Hernandez,ARG,08/24/2019,FINA Grand Prix,"Ohrid Lake, MKD",25,No Current,Neutral,14,"20,761.60",10
Aquiles Balaudo,ARG,08/24/2019,FINA Grand Prix,"Ohrid Lake, MKD",25,No Current,Neutral,14,"21,058.70",11
Aleksandar Ilievski,MKD,08/24/2019,FINA Grand Prix,"Ohrid Lake, MKD",25,No Current,Neutral,14,"21,123.80",12
end,,,2019_08_24_OhridLake_25km,,,,,,,0
Kirill Abrosimov,RUS,08/28/2019,FINA World Cup,"Ohrid Lake, MKD",10,No Current,Neutral,10,"7,221.80",1
Axel Reymond,FRA,08/28/2019,FINA World Cup,"Ohrid Lake, MKD",10,No Current,Neutral,10,"7,221.90",2
Matteo Furlan,ITA,08/28/2019,FINA World Cup,"Ohrid Lake, MKD",10,No Current,Neutral,10,"7,223.30",3
Kristof Rasovszky,HUN,08/28/2019,FINA World Cup,"Ohrid Lake, MKD",10,No Current,Neutral,10,"7,224.60",4
Andrea Bianchi,ITA,08/28/2019,FINA World Cup,"Ohrid Lake, MKD",10,No Current,Neutral,10,"7,229.30",5
Andreas Waschburger,GER,08/28/2019,FINA World Cup,"Ohrid Lake, MKD",10,No Current,Neutral,10,"7,229.50",6
Dario Verani,ITA,08/28/2019,FINA World Cup,"Ohrid Lake, MKD",10,No Current,Neutral,10,"7,241.90",7
Marcel Schouten,NED,08/28/2019,FINA World Cup,"Ohrid Lake, MKD",10,No Current,Neutral,10,"7,241.90",8
Evgenij Pop Acev,MKD,08/28/2019,FINA World Cup,"Ohrid Lake, MKD",10,No Current,Neutral,10,"7,853.50",9
Nikola Savatinov,BUL,08/28/2019,FINA World Cup,"Ohrid Lake, MKD",10,No Current,Neutral,10,"7,936.90",10
end,,,2019_08_28_OhridLake_10km,,,,,,,0
Edoardo Stochino,ITA,08/31/2019,FINA Grand Prix,"Novi, CRO",20,No Current,Neutral,11,"15,483.00",1
Evgenij Pop Acev,MKD,08/31/2019,FINA Grand Prix,"Novi, CRO",20,No Current,Neutral,11,"15,486.00",2
Francesco Ghettini,ITA,08/31/2019,FINA Grand Prix,"Novi, CRO",20,No Current,Neutral,11,"15,489.00",3
Matias Diaz Hernandez,ARG,08/31/2019,FINA Grand Prix,"Novi, CRO",20,No Current,Neutral,11,"15,528.00",4
Matheus Emerim Evangelista,BRA,08/31/2019,FINA Grand Prix,"Novi, CRO",20,No Current,Neutral,11,"15,552.00",5
Damian Blaum,ARG,08/31/2019,FINA Grand Prix,"Novi, CRO",20,No Current,Neutral,11,"15,593.00",6
Aquiles Balaudo,ARG,08/31/2019,FINA Grand Prix,"Novi, CRO",20,No Current,Neutral,11,"15,650.00",7
Nicola Tempesta,ITA,08/31/2019,FINA Grand Prix,"Novi, CRO",20,No Current,Neutral,11,"15,698.00",8
Martin Carrizo Yunges,ARG,08/31/2019,FINA Grand Prix,"Novi, CRO",20,No Current,Neutral,11,"15,992.00",9
Aleksandar Ilievski,MKD,08/31/2019,FINA Grand Prix,"Novi, CRO",20,No Current,Neutral,11,"16,113.00",10
Andrea Crevatin,ITA,08/31/2019,FINA Grand Prix,"Novi, CRO",20,No Current,Neutral,11,"16,246.00",11
end,,,2019_08_31_Novi_20km,,,,,,,0
Nicholas Sloman,AUS,09/07/2019,FINA World Cup,"Nantou, TPE",10,No Current,Neutral,21,"6,991.20",1
Hayden Paul Cotter,AUS,09/07/2019,FINA World Cup,"Nantou, TPE",10,No Current,Neutral,21,"6,996.80",2
Matteo Furlan,ITA,09/07/2019,FINA World Cup,"Nantou, TPE",10,No Current,Neutral,21,"6,998.40",3
Soeren Meissner,GER,09/07/2019,FINA World Cup,"Nantou, TPE",10,No Current,Neutral,21,"6,999.20",4
Dario Verani,ITA,09/07/2019,FINA World Cup,"Nantou, TPE",10,No Current,Neutral,21,"7,000.90",5
Andreas Waschburger,GER,09/07/2019,FINA World Cup,"Nantou, TPE",10,No Current,Neutral,21,"7,001.00",6
Marcel Schouten,NED,09/07/2019,FINA World Cup,"Nantou, TPE",10,No Current,Neutral,21,"7,001.20",7
Cheng-Chi Cho,TPE,09/07/2019,FINA World Cup,"Nantou, TPE",10,No Current,Neutral,21,"7,002.60",8
Matej Kozubek,CZE,09/07/2019,FINA World Cup,"Nantou, TPE",10,No Current,Neutral,21,"7,046.00",9
Allan Do Carmo,BRA,09/07/2019,FINA World Cup,"Nantou, TPE",10,No Current,Neutral,21,"7,054.60",10
William Yan Thorley,HKG,09/07/2019,FINA World Cup,"Nantou, TPE",10,No Current,Neutral,21,"7,123.00",11
Vitaliy Khudyakov,KAZ,09/07/2019,FINA World Cup,"Nantou, TPE",10,No Current,Neutral,21,"7,127.30",12
Tzu-Cheng Liao,TPE,09/07/2019,FINA World Cup,"Nantou, TPE",10,No Current,Neutral,21,"7,194.90",13
Chin Ting Keith Sin,HKG,09/07/2019,FINA World Cup,"Nantou, TPE",10,No Current,Neutral,21,"7,441.70",14
Kai-Wen Tseng,TPE,09/07/2019,FINA World Cup,"Nantou, TPE",10,No Current,Neutral,21,"7,581.50",15
Tien-En Yang,TPE,09/07/2019,FINA World Cup,"Nantou, TPE",10,No Current,Neutral,21,"7,584.50",16
Ritchie Oh,SGP,09/07/2019,FINA World Cup,"Nantou, TPE",10,No Current,Neutral,21,"7,584.80",17
Yu Sung Chen,TPE,09/07/2019,FINA World Cup,"Nantou, TPE",10,No Current,Neutral,21,"7,588.40",18
Chia En Hsu,TPE,09/07/2019,FINA World Cup,"Nantou, TPE",10,No Current,Neutral,21,"7,588.60",19
Luke Yu Yang Tan,SGP,09/07/2019,FINA World Cup,"Nantou, TPE",10,No Current,Neutral,21,"7,593.30",20
Tsung Bao Lin,TPE,09/07/2019,FINA World Cup,"Nantou, TPE",10,No Current,Neutral,21,"7,606.70",21
end,,,2019_09_07_Nantou_10km,,,,,,,0
Andrea Bianchi,ITA,09/07/2019,FINA Grand Prix,"Capri-Napoli, ITA",36,No Current,Neutral,15,"24,512.11",1
Francesco Ghettini,ITA,09/07/2019,FINA Grand Prix,"Capri-Napoli, ITA",36,No Current,Neutral,15,"24,512.22",2
Evgenij Pop Acev,MKD,09/07/2019,FINA Grand Prix,"Capri-Napoli, ITA",36,No Current,Neutral,15,"24,829.00",3
Damian Blaum,ARG,09/07/2019,FINA Grand Prix,"Capri-Napoli, ITA",36,No Current,Neutral,15,"25,144.00",4
Edoardo Stochino,ITA,09/07/2019,FINA Grand Prix,"Capri-Napoli, ITA",36,No Current,Neutral,15,"25,151.00",5
Marco Magliocca,ITA,09/07/2019,FINA Grand Prix,"Capri-Napoli, ITA",36,No Current,Neutral,15,"25,787.00",6
Matheus Emerim Evangelista,BRA,09/07/2019,FINA Grand Prix,"Capri-Napoli, ITA",36,No Current,Neutral,15,"26,329.00",7
Matias Diaz Hernandez,ARG,09/07/2019,FINA Grand Prix,"Capri-Napoli, ITA",36,No Current,Neutral,15,"26,500.00",8
Aleksandar Ilievski,MKD,09/07/2019,FINA Grand Prix,"Capri-Napoli, ITA",36,No Current,Neutral,15,"27,369.00",9
Aquiles Balaudo,ARG,09/07/2019,FINA Grand Prix,"Capri-Napoli, ITA",36,No Current,Neutral,15,"27,518.00",10
Stefano Parta,ITA,09/07/2019,FINA Grand Prix,"Capri-Napoli, ITA",36,No Current,Neutral,15,"29,183.00",11
end,,,2019_09_07_Capri-Napoli_36km,,,,,,,0
Ferry Weertman,NED,09/29/2019,FINA World Cup,"Chun'An, CHN",10,No Current,Neutral,27,"6,960.13",1
Matteo Furlan,ITA,09/29/2019,FINA World Cup,"Chun'An, CHN",10,No Current,Neutral,27,"6,965.30",2
Kirill Abrosimov,RUS,09/29/2019,FINA World Cup,"Chun'An, CHN",10,No Current,Neutral,27,"6,972.24",3
Marcel Schouten,NED,09/29/2019,FINA World Cup,"Chun'An, CHN",10,No Current,Neutral,27,"6,972.84",4
Kristof Rasovszky,HUN,09/29/2019,FINA World Cup,"Chun'An, CHN",10,No Current,Neutral,27,"6,972.91",5
Allan Do Carmo,BRA,09/29/2019,FINA World Cup,"Chun'An, CHN",10,No Current,Neutral,27,"6,973.20",6
Pepijn Smits,NED,09/29/2019,FINA World Cup,"Chun'An, CHN",10,No Current,Neutral,27,"6,987.20",7
Ziyang Zhang,CHN,09/29/2019,FINA World Cup,"Chun'An, CHN",10,No Current,Neutral,27,"6,987.70",8
Hao Han Wang,CHN,09/29/2019,FINA World Cup,"Chun'An, CHN",10,No Current,Neutral,27,"6,989.06",9
Andreas Waschburger,GER,09/29/2019,FINA World Cup,"Chun'An, CHN",10,No Current,Neutral,27,"6,990.54",10
Dario Verani,ITA,09/29/2019,FINA World Cup,"Chun'An, CHN",10,No Current,Neutral,27,"6,991.20",11
Junbohang Zhao,CHN,09/29/2019,FINA World Cup,"Chun'An, CHN",10,No Current,Neutral,27,"7,027.75",12
Lupeng Liu,CHN,09/29/2019,FINA World Cup,"Chun'An, CHN",10,No Current,Neutral,27,"7,040.47",13
Elliot Sodemann,SWE,09/29/2019,FINA World Cup,"Chun'An, CHN",10,No Current,Neutral,27,"7,042.56",14
Mingyu Lu,CHN,09/29/2019,FINA World Cup,"Chun'An, CHN",10,No Current,Neutral,27,"7,045.53",15
Bozhao Zhang,CHN,09/29/2019,FINA World Cup,"Chun'An, CHN",10,No Current,Neutral,27,"7,076.28",16
Ruoyu Wang,CHN,09/29/2019,FINA World Cup,"Chun'An, CHN",10,No Current,Neutral,27,"7,080.78",17
Shuyi Liu,CHN,09/29/2019,FINA World Cup,"Chun'An, CHN",10,No Current,Neutral,27,"7,081.09",18
Jiabao An,CHN,09/29/2019,FINA World Cup,"Chun'An, CHN",10,No Current,Neutral,27,"7,084.84",19
Yunnan Wang,CHN,09/29/2019,FINA World Cup,"Chun'An, CHN",10,No Current,Neutral,27,"7,087.65",20
Evgenij Pop Acev,MKD,09/29/2019,FINA World Cup,"Chun'An, CHN",10,No Current,Neutral,27,"7,089.48",21
William Yan Thorley,HKG,09/29/2019,FINA World Cup,"Chun'An, CHN",10,No Current,Neutral,27,"7,105.84",22
Araya Pumchitamorn,THA,09/29/2019,FINA World Cup,"Chun'An, CHN",10,No Current,Neutral,27,"7,633.16",23
Jaime Arevalo,BOL,09/29/2019,FINA World Cup,"Chun'An, CHN",10,No Current,Neutral,27,"8,430.45",24
end,,,2019_09_29_Chun'An_10km,,,,,,,0
Marc-Antoine Olivier,FRA,02/15/2020,FINA World Cup,"Doha, QAT",10,No Current,Neutral,82,"6,586.60",1
Rob Muffels,GER,02/15/2020,FINA World Cup,"Doha, QAT",10,No Current,Neutral,82,"6,599.20",2
Florian Wellbrock,GER,02/15/2020,FINA World Cup,"Doha, QAT",10,No Current,Neutral,82,"6,599.30",3
Fares Zitouni,FRA,02/15/2020,FINA World Cup,"Doha, QAT",10,No Current,Neutral,82,"6,600.80",4
Gregorio Paltrinieri,ITA,02/15/2020,FINA World Cup,"Doha, QAT",10,No Current,Neutral,82,"6,601.00",5
Marcello Guidi,ITA,02/15/2020,FINA World Cup,"Doha, QAT",10,No Current,Neutral,82,"6,601.40",6
Hayden Paul Cotter,AUS,02/15/2020,FINA World Cup,"Doha, QAT",10,No Current,Neutral,82,"6,601.50",7
Ferry Weertman,NED,02/15/2020,FINA World Cup,"Doha, QAT",10,No Current,Neutral,82,"6,602.60",8
Jack Burnell,GBR,02/15/2020,FINA World Cup,"Doha, QAT",10,No Current,Neutral,82,"6,603.10",9
Hector Thomas Cheal Pardoe,GBR,02/15/2020,FINA World Cup,"Doha, QAT",10,No Current,Neutral,82,"6,603.60",10
Kirill Abrosimov,RUS,02/15/2020,FINA World Cup,"Doha, QAT",10,No Current,Neutral,82,"6,605.60",11
Simone Ruffini,ITA,02/15/2020,FINA World Cup,"Doha, QAT",10,No Current,Neutral,82,"6,606.50",12
Niklas Frach,GER,02/15/2020,FINA World Cup,"Doha, QAT",10,No Current,Neutral,82,"6,606.90",13
Mario Sanzullo,ITA,02/15/2020,FINA World Cup,"Doha, QAT",10,No Current,Neutral,82,"6,607.50",14
Matteo Furlan,ITA,02/15/2020,FINA World Cup,"Doha, QAT",10,No Current,Neutral,82,"6,607.50",15
Bailey Armstrong,AUS,02/15/2020,FINA World Cup,"Doha, QAT",10,No Current,Neutral,82,"6,607.50",16
Kai Graeme Edwards,AUS,02/15/2020,FINA World Cup,"Doha, QAT",10,No Current,Neutral,82,"6,607.60",17
Axel Reymond,FRA,02/15/2020,FINA World Cup,"Doha, QAT",10,No Current,Neutral,82,"6,607.90",18
Esteban Enderica Salgado,ECU,02/15/2020,FINA World Cup,"Doha, QAT",10,No Current,Neutral,82,"6,608.10",19
David Farinango,ECU,02/15/2020,FINA World Cup,"Doha, QAT",10,No Current,Neutral,82,"6,608.10",20
Pepijn Smits,NED,02/15/2020,FINA World Cup,"Doha, QAT",10,No Current,Neutral,82,"6,608.10",21
Tiago Campos,POR,02/15/2020,FINA World Cup,"Doha, QAT",10,No Current,Neutral,82,"6,608.30",22
Alberto Martinez,ESP,02/15/2020,FINA World Cup,"Doha, QAT",10,No Current,Neutral,82,"6,608.40",23
Clement Batte,FRA,02/15/2020,FINA World Cup,"Doha, QAT",10,No Current,Neutral,82,"6,609.10",24
Nicholas Sloman,AUS,02/15/2020,FINA World Cup,"Doha, QAT",10,No Current,Neutral,82,"6,609.50",25
Andrea Manzi,ITA,02/15/2020,FINA World Cup,"Doha, QAT",10,No Current,Neutral,82,"6,610.90",26
Vitaliy Khudyakov,KAZ,02/15/2020,FINA World Cup,"Doha, QAT",10,No Current,Neutral,82,"6,611.30",27
Andreas Waschburger,GER,02/15/2020,FINA World Cup,"Doha, QAT",10,No Current,Neutral,82,"6,611.60",28
Athanasios Kynigakis,GRE,02/15/2020,FINA World Cup,"Doha, QAT",10,No Current,Neutral,82,"6,611.70",29
Pasquale Sanzullo,ITA,02/15/2020,FINA World Cup,"Doha, QAT",10,No Current,Neutral,82,"6,611.70",30
David Castro,ECU,02/15/2020,FINA World Cup,"Doha, QAT",10,No Current,Neutral,82,"6,611.80",31
Daniel Szekelyi,HUN,02/15/2020,FINA World Cup,"Doha, QAT",10,No Current,Neutral,82,"6,612.20",32
Alessio Occhipinti,ITA,02/15/2020,FINA World Cup,"Doha, QAT",10,No Current,Neutral,82,"6,612.30",33
Soeren Meissner,GER,02/15/2020,FINA World Cup,"Doha, QAT",10,No Current,Neutral,82,"6,612.90",34
Peter Galicz,HUN,02/15/2020,FINA World Cup,"Doha, QAT",10,No Current,Neutral,82,"6,613.20",35
Taishin Minamide,JPN,02/15/2020,FINA World Cup,"Doha, QAT",10,No Current,Neutral,82,"6,613.90",36
David Betlehem,HUN,02/15/2020,FINA World Cup,"Doha, QAT",10,No Current,Neutral,82,"6,614.70",37
Christian Keber,GER,02/15/2020,FINA World Cup,"Doha, QAT",10,No Current,Neutral,82,"6,614.70",38
Guillem Pujol,ESP,02/15/2020,FINA World Cup,"Doha, QAT",10,No Current,Neutral,82,"6,616.00",39
Alexis Vandevelde,FRA,02/15/2020,FINA World Cup,"Doha, QAT",10,No Current,Neutral,82,"6,620.40",40
Krzysztof Pielowski,POL,02/15/2020,FINA World Cup,"Doha, QAT",10,No Current,Neutral,82,"6,620.70",41
Rafael Gil,POR,02/15/2020,FINA World Cup,"Doha, QAT",10,No Current,Neutral,82,"6,621.10",42
Nicholas Rollo,AUS,02/15/2020,FINA World Cup,"Doha, QAT",10,No Current,Neutral,82,"6,621.20",43
Jules Wallart,FRA,02/15/2020,FINA World Cup,"Doha, QAT",10,No Current,Neutral,82,"6,621.90",44
Dario Verani,ITA,02/15/2020,FINA World Cup,"Doha, QAT",10,No Current,Neutral,82,"6,623.20",45
Francesco Ghettini,ITA,02/15/2020,FINA World Cup,"Doha, QAT",10,No Current,Neutral,82,"6,624.30",46
David Huszti,HUN,02/15/2020,FINA World Cup,"Doha, QAT",10,No Current,Neutral,82,"6,627.40",47
Riku Kuwazoe,JPN,02/15/2020,FINA World Cup,"Doha, QAT",10,No Current,Neutral,82,"6,645.90",48
Lev Cherepanov,KAZ,02/15/2020,FINA World Cup,"Doha, QAT",10,No Current,Neutral,82,"6,657.10",49
Sebastien Dureux,FRA,02/15/2020,FINA World Cup,"Doha, QAT",10,No Current,Neutral,82,"6,658.90",50
Elliot Sodemann,SWE,02/15/2020,FINA World Cup,"Doha, QAT",10,No Current,Neutral,82,"6,661.50",51
Igor Chervynskiy,UKR,02/15/2020,FINA World Cup,"Doha, QAT",10,No Current,Neutral,82,"6,667.70",52
Takeshi Toyoda,JPN,02/15/2020,FINA World Cup,"Doha, QAT",10,No Current,Neutral,82,"6,670.70",53
Franco Ivo Cassini,ARG,02/15/2020,FINA World Cup,"Doha, QAT",10,No Current,Neutral,82,"6,675.80",54
Enzo Kihara,BRA,02/15/2020,FINA World Cup,"Doha, QAT",10,No Current,Neutral,82,"6,680.30",55
Jan Hercog,AUT,02/15/2020,FINA World Cup,"Doha, QAT",10,No Current,Neutral,82,"6,681.50",56
Evgenij Pop Acev,MKD,02/15/2020,FINA World Cup,"Doha, QAT",10,No Current,Neutral,82,"6,685.20",57
Jack Wilson,AUS,02/15/2020,FINA World Cup,"Doha, QAT",10,No Current,Neutral,82,"6,700.60",58
Leo Ouabdesselam,FRA,02/15/2020,FINA World Cup,"Doha, QAT",10,No Current,Neutral,82,"6,701.00",59
Marcel Schouten,NED,02/15/2020,FINA World Cup,"Doha, QAT",10,No Current,Neutral,82,"6,710.60",60
Sacha Velly,FRA,02/15/2020,FINA World Cup,"Doha, QAT",10,No Current,Neutral,82,"6,720.80",61
Federico Salghetti-Drioli,SUI,02/15/2020,FINA World Cup,"Doha, QAT",10,No Current,Neutral,82,"6,724.00",62
Damien Joly,FRA,02/15/2020,FINA World Cup,"Doha, QAT",10,No Current,Neutral,82,"6,724.60",63
Kristof Rasovszky,HUN,02/15/2020,FINA World Cup,"Doha, QAT",10,No Current,Neutral,82,"6,728.90",64
Clement Kukla,FRA,02/15/2020,FINA World Cup,"Doha, QAT",10,No Current,Neutral,82,"6,752.00",65
Allan Do Carmo,BRA,02/15/2020,FINA World Cup,"Doha, QAT",10,No Current,Neutral,82,"6,804.30",66
Daigo Wada,JPN,02/15/2020,FINA World Cup,"Doha, QAT",10,No Current,Neutral,82,"6,897.60",67
Matej Kozubek,CZE,02/15/2020,FINA World Cup,"Doha, QAT",10,No Current,Neutral,82,"6,968.60",68
Ahmed Hafnaoui,TUN,02/15/2020,FINA World Cup,"Doha, QAT",10,No Current,Neutral,82,"6,968.80",69
Taiki Nonaka,JPN,02/15/2020,FINA World Cup,"Doha, QAT",10,No Current,Neutral,82,"7,065.30",70
Mathieu Mathy Ben Rahou,MAR,02/15/2020,FINA World Cup,"Doha, QAT",10,No Current,Neutral,82,"7,078.10",71
Mohamed Khalil Ben Ajmia,TUN,02/15/2020,FINA World Cup,"Doha, QAT",10,No Current,Neutral,82,"7,188.60",72
Matias Cordero,ECU,02/15/2020,FINA World Cup,"Doha, QAT",10,No Current,Neutral,82,"7,288.40",73
Grgo Mujan,CRO,02/15/2020,FINA World Cup,"Doha, QAT",10,No Current,Neutral,82,"7,690.50",74
end,,,2020_02_15_Doha_10km,,,,,,,0
Marc-Antoine Olivier,FRA,03/13/2021,FINA World Cup,"Doha, QAT",10,No Current,Neutral,70,"6,722.40",1
Kristof Rasovszky,HUN,03/13/2021,FINA World Cup,"Doha, QAT",10,No Current,Neutral,70,"6,725.50",2
Gregorio Paltrinieri,ITA,03/13/2021,FINA World Cup,"Doha, QAT",10,No Current,Neutral,70,"6,727.90",3
Mario Sanzullo,ITA,03/13/2021,FINA World Cup,"Doha, QAT",10,No Current,Neutral,70,"6,734.20",4
Axel Reymond,FRA,03/13/2021,FINA World Cup,"Doha, QAT",10,No Current,Neutral,70,"6,734.50",5
Logan Fontaine,FRA,03/13/2021,FINA World Cup,"Doha, QAT",10,No Current,Neutral,70,"6,735.70",6
Hector Thomas Cheal Pardoe,GBR,03/13/2021,FINA World Cup,"Doha, QAT",10,No Current,Neutral,70,"6,735.90",7
Ferry Weertman,NED,03/13/2021,FINA World Cup,"Doha, QAT",10,No Current,Neutral,70,"6,736.20",8
David Huszti,HUN,03/13/2021,FINA World Cup,"Doha, QAT",10,No Current,Neutral,70,"6,737.60",9
Alberto Martinez,ESP,03/13/2021,FINA World Cup,"Doha, QAT",10,No Current,Neutral,70,"6,738.90",10
Matteo Furlan,ITA,03/13/2021,FINA World Cup,"Doha, QAT",10,No Current,Neutral,70,"6,739.20",11
Athanasios Kynigakis,GRE,03/13/2021,FINA World Cup,"Doha, QAT",10,No Current,Neutral,70,"6,741.90",12
Daniel Szekelyi,HUN,03/13/2021,FINA World Cup,"Doha, QAT",10,No Current,Neutral,70,"6,742.30",13
Logan Vanhuys,BEL,03/13/2021,FINA World Cup,"Doha, QAT",10,No Current,Neutral,70,"6,742.50",14
Jules Wallart,FRA,03/13/2021,FINA World Cup,"Doha, QAT",10,No Current,Neutral,70,"6,743.00",15
Simone Ruffini,ITA,03/13/2021,FINA World Cup,"Doha, QAT",10,No Current,Neutral,70,"6,743.40",16
David Farinango,ECU,03/13/2021,FINA World Cup,"Doha, QAT",10,No Current,Neutral,70,"6,744.90",17
Franco Ivo Cassini,ARG,03/13/2021,FINA World Cup,"Doha, QAT",10,No Current,Neutral,70,"6,745.00",18
Fares Zitouni,FRA,03/13/2021,FINA World Cup,"Doha, QAT",10,No Current,Neutral,70,"6,746.60",19
Tiago Campos,POR,03/13/2021,FINA World Cup,"Doha, QAT",10,No Current,Neutral,70,"6,748.00",20
Matej Kozubek,CZE,03/13/2021,FINA World Cup,"Doha, QAT",10,No Current,Neutral,70,"6,752.00",21
Esteban Enderica Salgado,ECU,03/13/2021,FINA World Cup,"Doha, QAT",10,No Current,Neutral,70,"6,753.10",22
Dario Verani,ITA,03/13/2021,FINA World Cup,"Doha, QAT",10,No Current,Neutral,70,"6,758.20",23
Jack Burnell,GBR,03/13/2021,FINA World Cup,"Doha, QAT",10,No Current,Neutral,70,"6,763.20",24
Peter Galicz,HUN,03/13/2021,FINA World Cup,"Doha, QAT",10,No Current,Neutral,70,"6,763.70",25
Pepijn Smits,NED,03/13/2021,FINA World Cup,"Doha, QAT",10,No Current,Neutral,70,"6,766.20",26
Allan Do Carmo,BRA,03/13/2021,FINA World Cup,"Doha, QAT",10,No Current,Neutral,70,"6,767.40",27
Alessio Occhipinti,ITA,03/13/2021,FINA World Cup,"Doha, QAT",10,No Current,Neutral,70,"6,767.70",28
Guillem Pujol,ESP,03/13/2021,FINA World Cup,"Doha, QAT",10,No Current,Neutral,70,"6,783.30",29
Sebastien Dureux,FRA,03/13/2021,FINA World Cup,"Doha, QAT",10,No Current,Neutral,70,"6,785.20",30
Pol Gil,ESP,03/13/2021,FINA World Cup,"Doha, QAT",10,No Current,Neutral,70,"6,787.00",31
David Brandl,AUT,03/13/2021,FINA World Cup,"Doha, QAT",10,No Current,Neutral,70,"6,788.30",32
Lars Bottelier,NED,03/13/2021,FINA World Cup,"Doha, QAT",10,No Current,Neutral,70,"6,790.10",33
Leo Ouabdesselam,FRA,03/13/2021,FINA World Cup,"Doha, QAT",10,No Current,Neutral,70,"6,805.20",34
Marcel Schouten,NED,03/13/2021,FINA World Cup,"Doha, QAT",10,No Current,Neutral,70,"6,809.90",35
Francesco Ghettini,ITA,03/13/2021,FINA World Cup,"Doha, QAT",10,No Current,Neutral,70,"6,829.70",36
Vitaliy Khudyakov,KAZ,03/13/2021,FINA World Cup,"Doha, QAT",10,No Current,Neutral,70,"6,831.60",37
Elliot Sodemann,SWE,03/13/2021,FINA World Cup,"Doha, QAT",10,No Current,Neutral,70,"6,833.20",38
Vit Ingeduld,CZE,03/13/2021,FINA World Cup,"Doha, QAT",10,No Current,Neutral,70,"6,842.00",39
Sacha Velly,FRA,03/13/2021,FINA World Cup,"Doha, QAT",10,No Current,Neutral,70,"6,845.20",40
Dimitrios Markos,GRE,03/13/2021,FINA World Cup,"Doha, QAT",10,No Current,Neutral,70,"6,850.10",41
Jan Hercog,AUT,03/13/2021,FINA World Cup,"Doha, QAT",10,No Current,Neutral,70,"6,902.40",42
Lev Cherepanov,KAZ,03/13/2021,FINA World Cup,"Doha, QAT",10,No Current,Neutral,70,"6,926.60",43
Bogdan Petre,ROU,03/13/2021,FINA World Cup,"Doha, QAT",10,No Current,Neutral,70,"6,928.60",44
Naim Mokhfi,FRA,03/13/2021,FINA World Cup,"Doha, QAT",10,No Current,Neutral,70,"6,935.40",45
Federico Salghetti-Drioli,SUI,03/13/2021,FINA World Cup,"Doha, QAT",10,No Current,Neutral,70,"6,958.50",46
Mathieu Mathy Ben Rahou,MAR,03/13/2021,FINA World Cup,"Doha, QAT",10,No Current,Neutral,70,"6,965.70",47
Alexis Vandevelde,FRA,03/13/2021,FINA World Cup,"Doha, QAT",10,No Current,Neutral,70,"6,995.90",48
Hugo Saillard,FRA,03/13/2021,FINA World Cup,"Doha, QAT",10,No Current,Neutral,70,"7,012.60",49
Vincent Crooijmans,NED,03/13/2021,FINA World Cup,"Doha, QAT",10,No Current,Neutral,70,"7,036.10",50
Jean-Baptiste Clusman,FRA,03/13/2021,FINA World Cup,"Doha, QAT",10,No Current,Neutral,70,"7,068.00",51
Ous Mellouli,TUN,03/13/2021,FINA World Cup,"Doha, QAT",10,No Current,Neutral,70,"7,183.10",52
Evgenij Pop Acev,MKD,03/13/2021,FINA World Cup,"Doha, QAT",10,No Current,Neutral,70,"7,187.70",53
Sander Crooijmans,NED,03/13/2021,FINA World Cup,"Doha, QAT",10,No Current,Neutral,70,"7,259.30",54
Igor Chervynskiy,UKR,03/13/2021,FINA World Cup,"Doha, QAT",10,No Current,Neutral,70,"7,433.00",55
Galymzhan Balabek,KAZ,03/13/2021,FINA World Cup,"Doha, QAT",10,No Current,Neutral,70,"8,004.50",56
Tameea Elhamayda,QAT,03/13/2021,FINA World Cup,"Doha, QAT",10,No Current,Neutral,70,"8,488.20",57
end,,,2021_03_13_Doha_10km,,,,,,,0
Hector Thomas Cheal Pardoe,GBR,06/20/2021,FINA Olympic Qualifier,"Setubal, POR",10,No Current,Cold,71,"7,327.60",1
Athanasios Kynigakis,GRE,06/20/2021,FINA Olympic Qualifier,"Setubal, POR",10,No Current,Cold,71,"7,333.10",2
Tobias Patrick Robinson,GBR,06/20/2021,FINA Olympic Qualifier,"Setubal, POR",10,No Current,Cold,71,"7,333.10",3
Matan Roditi,ISR,06/20/2021,FINA Olympic Qualifier,"Setubal, POR",10,No Current,Cold,71,"7,335.90",4
Kai Graeme Edwards,AUS,06/20/2021,FINA Olympic Qualifier,"Setubal, POR",10,No Current,Cold,71,"7,337.30",5
Taishin Minamide,JPN,06/20/2021,FINA Olympic Qualifier,"Setubal, POR",10,No Current,Cold,71,"7,349.70",6
Tiago Campos,POR,06/20/2021,FINA Olympic Qualifier,"Setubal, POR",10,No Current,Cold,71,"7,352.90",7
Kirill Abrosimov,RUS,06/20/2021,FINA Olympic Qualifier,"Setubal, POR",10,No Current,Cold,71,"7,357.20",8
David Farinango,ECU,06/20/2021,FINA Olympic Qualifier,"Setubal, POR",10,No Current,Cold,71,"7,367.90",9
Ous Mellouli,TUN,06/20/2021,FINA Olympic Qualifier,"Setubal, POR",10,No Current,Cold,71,"7,375.60",10
Michael Mcglynn,RSA,06/20/2021,FINA Olympic Qualifier,"Setubal, POR",10,No Current,Cold,71,"7,376.70",11
Daniel Delgadillo,MEX,06/20/2021,FINA Olympic Qualifier,"Setubal, POR",10,No Current,Cold,71,"7,376.80",12
Matej Kozubek,CZE,06/20/2021,FINA Olympic Qualifier,"Setubal, POR",10,No Current,Cold,71,"7,376.80",13
Elliot Sodemann,SWE,06/20/2021,FINA Olympic Qualifier,"Setubal, POR",10,No Current,Cold,71,"7,377.10",14
Nicholas Sloman,AUS,06/20/2021,FINA Olympic Qualifier,"Setubal, POR",10,No Current,Cold,71,"7,383.60",15
Esteban Enderica Salgado,ECU,06/20/2021,FINA Olympic Qualifier,"Setubal, POR",10,No Current,Cold,71,"7,383.90",16
Diogo Cardoso,POR,06/20/2021,FINA Olympic Qualifier,"Setubal, POR",10,No Current,Cold,71,"7,385.10",17
Hau-Li Fan,CAN,06/20/2021,FINA Olympic Qualifier,"Setubal, POR",10,No Current,Cold,71,"7,385.40",18
Evgenij Pop Acev,MKD,06/20/2021,FINA Olympic Qualifier,"Setubal, POR",10,No Current,Cold,71,"7,386.00",19
Jan Hercog,AUT,06/20/2021,FINA Olympic Qualifier,"Setubal, POR",10,No Current,Cold,71,"7,386.40",20
Diogo Villarinho,BRA,06/20/2021,FINA Olympic Qualifier,"Setubal, POR",10,No Current,Cold,71,"7,388.60",21
Logan Vanhuys,BEL,06/20/2021,FINA Olympic Qualifier,"Setubal, POR",10,No Current,Cold,71,"7,389.20",22
Takeshi Toyoda,JPN,06/20/2021,FINA Olympic Qualifier,"Setubal, POR",10,No Current,Cold,71,"7,389.40",23
Joaquin Moreno,ARG,06/20/2021,FINA Olympic Qualifier,"Setubal, POR",10,No Current,Cold,71,"7,389.50",24
Phillip Seidler,NAM,06/20/2021,FINA Olympic Qualifier,"Setubal, POR",10,No Current,Cold,71,"7,391.20",25
William Yan Thorley,HKG,06/20/2021,FINA Olympic Qualifier,"Setubal, POR",10,No Current,Cold,71,"7,391.70",26
Johndry Segovia,VEN,06/20/2021,FINA Olympic Qualifier,"Setubal, POR",10,No Current,Cold,71,"7,397.70",27
Malek Louissi,TUN,06/20/2021,FINA Olympic Qualifier,"Setubal, POR",10,No Current,Cold,71,"7,443.80",28
Diego Vera,VEN,06/20/2021,FINA Olympic Qualifier,"Setubal, POR",10,No Current,Cold,71,"7,480.80",29
Vit Ingeduld,CZE,06/20/2021,FINA Olympic Qualifier,"Setubal, POR",10,No Current,Cold,71,"7,488.70",30
Tomas Peciar,SVK,06/20/2021,FINA Olympic Qualifier,"Setubal, POR",10,No Current,Cold,71,"7,492.20",31
Evgenii Drattcev,RUS,06/20/2021,FINA Olympic Qualifier,"Setubal, POR",10,No Current,Cold,71,"7,525.20",32
Krzysztof Chmielewski,POL,06/20/2021,FINA Olympic Qualifier,"Setubal, POR",10,No Current,Cold,71,"7,525.50",33
Mathieu Mathy Ben Rahou,MAR,06/20/2021,FINA Olympic Qualifier,"Setubal, POR",10,No Current,Cold,71,"7,527.20",34
Henre Louw,RSA,06/20/2021,FINA Olympic Qualifier,"Setubal, POR",10,No Current,Cold,71,"7,528.40",35
Federico Salghetti-Drioli,SUI,06/20/2021,FINA Olympic Qualifier,"Setubal, POR",10,No Current,Cold,71,"7,532.90",36
Tanakrit Kittiya,THA,06/20/2021,FINA Olympic Qualifier,"Setubal, POR",10,No Current,Cold,71,"7,538.90",37
Franco Ivo Cassini,ARG,06/20/2021,FINA Olympic Qualifier,"Setubal, POR",10,No Current,Cold,71,"7,562.00",38
Marwan Elamrawy,EGY,06/20/2021,FINA Olympic Qualifier,"Setubal, POR",10,No Current,Cold,71,"7,609.50",39
Christian Schreiber,SUI,06/20/2021,FINA Olympic Qualifier,"Setubal, POR",10,No Current,Cold,71,"7,617.70",40
Cheng-Chi Cho,TPE,06/20/2021,FINA Olympic Qualifier,"Setubal, POR",10,No Current,Cold,71,"7,621.30",41
Yuval Safra,ISR,06/20/2021,FINA Olympic Qualifier,"Setubal, POR",10,No Current,Cold,71,"7,637.00",42
Mattias Glenesk,SWE,06/20/2021,FINA Olympic Qualifier,"Setubal, POR",10,No Current,Cold,71,"8,008.80",43
Allan Do Carmo,BRA,06/20/2021,FINA Olympic Qualifier,"Setubal, POR",10,No Current,Cold,71,"8,069.50",44
Bogdan Petre,ROU,06/20/2021,FINA Olympic Qualifier,"Setubal, POR",10,No Current,Cold,71,"8,113.70",45
Rodrigo Caballero,BOL,06/20/2021,FINA Olympic Qualifier,"Setubal, POR",10,No Current,Cold,71,"8,140.00",46
Kai-Wen Tseng,TPE,06/20/2021,FINA Olympic Qualifier,"Setubal, POR",10,No Current,Cold,71,"8,182.30",47
Maximiliano Paccot,URU,06/20/2021,FINA Olympic Qualifier,"Setubal, POR",10,No Current,Cold,71,"8,443.00",48
Chin Ting Keith Sin,HKG,06/20/2021,FINA Olympic Qualifier,"Setubal, POR",10,No Current,Cold,71,"8,475.40",49
Felipe Lopez,URU,06/20/2021,FINA Olympic Qualifier,"Setubal, POR",10,No Current,Cold,71,"8,689.60",50
Araya Pumchitamorn,THA,06/20/2021,FINA Olympic Qualifier,"Setubal, POR",10,No Current,Cold,71,"8,735.80",51
end,,,2021_06_20_Setubal_10km,,,,,,,0
Florian Wellbrock,GER,08/04/2021,Olympic Games,"Tokyo, JPN",10,No Current,Hot,46,"6,513.70",1
Kristof Rasovszky,HUN,08/04/2021,Olympic Games,"Tokyo, JPN",10,No Current,Hot,46,"6,539.00",2
Gregorio Paltrinieri,ITA,08/04/2021,Olympic Games,"Tokyo, JPN",10,No Current,Hot,46,"6,541.10",3
Matan Roditi,ISR,08/04/2021,Olympic Games,"Tokyo, JPN",10,No Current,Hot,46,"6,564.90",4
Athanasios Kynigakis,GRE,08/04/2021,Olympic Games,"Tokyo, JPN",10,No Current,Hot,46,"6,569.20",5
Marc-Antoine Olivier,FRA,08/04/2021,Olympic Games,"Tokyo, JPN",10,No Current,Hot,46,"6,623.00",6
Ferry Weertman,NED,08/04/2021,Olympic Games,"Tokyo, JPN",10,No Current,Hot,46,"6,690.80",7
Michael Mcglynn,RSA,08/04/2021,Olympic Games,"Tokyo, JPN",10,No Current,Hot,46,"6,692.70",8
Hau-Li Fan,CAN,08/04/2021,Olympic Games,"Tokyo, JPN",10,No Current,Hot,46,"6,697.00",9
Jordan Wilimovsky,USA,08/04/2021,Olympic Games,"Tokyo, JPN",10,No Current,Hot,46,"6,700.20",10
Rob Muffels,GER,08/04/2021,Olympic Games,"Tokyo, JPN",10,No Current,Hot,46,"6,783.30",11
Kai Graeme Edwards,AUS,08/04/2021,Olympic Games,"Tokyo, JPN",10,No Current,Hot,46,"6,784.00",12
Taishin Minamide,JPN,08/04/2021,Olympic Games,"Tokyo, JPN",10,No Current,Hot,46,"6,787.50",13
Mario Sanzullo,ITA,08/04/2021,Olympic Games,"Tokyo, JPN",10,No Current,Hot,46,"6,788.60",14
David Farinango,ECU,08/04/2021,Olympic Games,"Tokyo, JPN",10,No Current,Hot,46,"6,789.80",15
Phillip Seidler,NAM,08/04/2021,Olympic Games,"Tokyo, JPN",10,No Current,Hot,46,"6,794.10",16
Daniel Delgadillo,MEX,08/04/2021,Olympic Games,"Tokyo, JPN",10,No Current,Hot,46,"6,794.40",17
Alberto Martinez,ESP,08/04/2021,Olympic Games,"Tokyo, JPN",10,No Current,Hot,46,"6,796.40",18
Kirill Abrosimov,RUS,08/04/2021,Olympic Games,"Tokyo, JPN",10,No Current,Hot,46,"6,869.30",19
Ous Mellouli,TUN,08/04/2021,Olympic Games,"Tokyo, JPN",10,No Current,Hot,46,"6,993.30",20
Vitaliy Khudyakov,KAZ,08/04/2021,Olympic Games,"Tokyo, JPN",10,No Current,Hot,46,"7,073.70",21
William Yan Thorley,HKG,08/04/2021,Olympic Games,"Tokyo, JPN",10,No Current,Hot,46,"7,113.40",22
Tiago Campos,POR,08/04/2021,Olympic Games,"Tokyo, JPN",10,No Current,Hot,46,"7,182.00",23
Matej Kozubek,CZE,08/04/2021,Olympic Games,"Tokyo, JPN",10,No Current,Hot,46,"7,312.10",24
end,,,2021_08_04_Tokyo_10km,,,,,,,0
Axel Reymond,FRA,08/21/2021,FINA Grand Prix,"Ohrid Lake, MKD",25,No Current,Neutral,34,"18,631.00",1
Edoardo Stochino,ITA,08/21/2021,FINA Grand Prix,"Ohrid Lake, MKD",25,No Current,Neutral,34,"18,632.00",2
Evgenij Pop Acev,MKD,08/21/2021,FINA Grand Prix,"Ohrid Lake, MKD",25,No Current,Neutral,34,"18,634.50",3
Marcel Schouten,NED,08/21/2021,FINA Grand Prix,"Ohrid Lake, MKD",25,No Current,Neutral,34,"18,642.90",4
Matias Diaz Hernandez,ARG,08/21/2021,FINA Grand Prix,"Ohrid Lake, MKD",25,No Current,Neutral,34,"18,706.20",5
Marc-Antoine Olivier,FRA,08/21/2021,FINA Grand Prix,"Ohrid Lake, MKD",25,No Current,Neutral,34,"18,830.70",6
Francesco Ghettini,ITA,08/21/2021,FINA Grand Prix,"Ohrid Lake, MKD",25,No Current,Neutral,34,"19,009.40",7
Franco Ivo Cassini,ARG,08/21/2021,FINA Grand Prix,"Ohrid Lake, MKD",25,No Current,Neutral,34,"19,066.40",8
Matthieu Magne,FRA,08/21/2021,FINA Grand Prix,"Ohrid Lake, MKD",25,No Current,Neutral,34,"19,179.90",9
Aleksandar Ilievski,MKD,08/21/2021,FINA Grand Prix,"Ohrid Lake, MKD",25,No Current,Neutral,34,"20,358.10",10
end,,,2021_08_21_OhridLake_25km,,,,,,,0
Marc-Antoine Olivier,FRA,08/28/2021,FINA World Cup,"Ohrid Lake, MKD",10,No Current,Neutral,44,"6,894.60",1
Niklas Frach,GER,08/28/2021,FINA World Cup,"Ohrid Lake, MKD",10,No Current,Neutral,44,"6,896.70",2
Kirill Abrosimov,RUS,08/28/2021,FINA World Cup,"Ohrid Lake, MKD",10,No Current,Neutral,44,"6,898.00",3
Kristof Rasovszky,HUN,08/28/2021,FINA World Cup,"Ohrid Lake, MKD",10,No Current,Neutral,44,"6,908.40",4
Matteo Furlan,ITA,08/28/2021,FINA World Cup,"Ohrid Lake, MKD",10,No Current,Neutral,44,"6,915.10",5
Axel Reymond,FRA,08/28/2021,FINA World Cup,"Ohrid Lake, MKD",10,No Current,Neutral,44,"6,916.40",6
Aaron Elias Schmidt,GER,08/28/2021,FINA World Cup,"Ohrid Lake, MKD",10,No Current,Neutral,44,"6,921.30",7
Andreas Waschburger,GER,08/28/2021,FINA World Cup,"Ohrid Lake, MKD",10,No Current,Neutral,44,"6,942.90",8
Marcel Schouten,NED,08/28/2021,FINA World Cup,"Ohrid Lake, MKD",10,No Current,Neutral,44,"7,005.60",9
Matthieu Magne,FRA,08/28/2021,FINA World Cup,"Ohrid Lake, MKD",10,No Current,Neutral,44,"7,005.80",10
Allan Do Carmo,BRA,08/28/2021,FINA World Cup,"Ohrid Lake, MKD",10,No Current,Neutral,44,"7,026.10",11
Diogo Villarinho,BRA,08/28/2021,FINA World Cup,"Ohrid Lake, MKD",10,No Current,Neutral,44,"7,052.20",12
Alexandre Verplaetse,FRA,08/28/2021,FINA World Cup,"Ohrid Lake, MKD",10,No Current,Neutral,44,"7,269.50",13
Polat Uzer Turnali,TUR,08/28/2021,FINA World Cup,"Ohrid Lake, MKD",10,No Current,Neutral,44,"7,290.00",14
Evgenij Pop Acev,MKD,08/28/2021,FINA World Cup,"Ohrid Lake, MKD",10,No Current,Neutral,44,"7,317.80",15
Ahmet Buraki Sik,TUR,08/28/2021,FINA World Cup,"Ohrid Lake, MKD",10,No Current,Neutral,44,"7,713.60",16
Mehmet Efe Yilmaz,TUR,08/28/2021,FINA World Cup,"Ohrid Lake, MKD",10,No Current,Neutral,44,"7,716.80",17
Emir Batur Albayrak,TUR,08/28/2021,FINA World Cup,"Ohrid Lake, MKD",10,No Current,Neutral,44,"7,723.80",18
Atakan Malgil,TUR,08/28/2021,FINA World Cup,"Ohrid Lake, MKD",10,No Current,Neutral,44,"7,805.80",19
Yagiz Efe Ari,TUR,08/28/2021,FINA World Cup,"Ohrid Lake, MKD",10,No Current,Neutral,44,"7,868.10",20
Kristijan Stojanovski,MKD,08/28/2021,FINA World Cup,"Ohrid Lake, MKD",10,No Current,Neutral,44,"8,075.80",21
Bora Tokcan,TUR,08/28/2021,FINA World Cup,"Ohrid Lake, MKD",10,No Current,Neutral,44,"8,082.70",22
end,,,2021_08_28_OhridLake_10km,,,,,,,0
Alessio Occhipinti,ITA,09/05/2021,FINA Grand Prix,"Capri-Napoli, ITA",36,No Current,Neutral,35,"23,540.60",1
Marcel Schouten,NED,09/05/2021,FINA Grand Prix,"Capri-Napoli, ITA",36,No Current,Neutral,35,"23,673.40",2
Simone Ruffini,ITA,09/05/2021,FINA Grand Prix,"Capri-Napoli, ITA",36,No Current,Neutral,35,"23,684.30",3
Francesco Ghettini,ITA,09/05/2021,FINA Grand Prix,"Capri-Napoli, ITA",36,No Current,Neutral,35,"23,684.60",4
Axel Reymond,FRA,09/05/2021,FINA Grand Prix,"Capri-Napoli, ITA",36,No Current,Neutral,35,"23,800.40",5
Evgenij Pop Acev,MKD,09/05/2021,FINA Grand Prix,"Capri-Napoli, ITA",36,No Current,Neutral,35,"23,833.30",6
Franco Ivo Cassini,ARG,09/05/2021,FINA Grand Prix,"Capri-Napoli, ITA",36,No Current,Neutral,35,"24,022.50",7
Matheus Emerim Evangelista,BRA,09/05/2021,FINA Grand Prix,"Capri-Napoli, ITA",36,No Current,Neutral,35,"24,026.00",8
Matias Diaz Hernandez,ARG,09/05/2021,FINA Grand Prix,"Capri-Napoli, ITA",36,No Current,Neutral,35,"24,753.00",9
Edoardo Stochino,ITA,09/05/2021,FINA Grand Prix,"Capri-Napoli, ITA",36,No Current,Neutral,35,"25,306.90",10
Matthieu Magne,FRA,09/05/2021,FINA Grand Prix,"Capri-Napoli, ITA",36,No Current,Neutral,35,"25,508.90",11
Aleksandar Ilievski,MKD,09/05/2021,FINA Grand Prix,"Capri-Napoli, ITA",36,No Current,Neutral,35,"25,622.90",12
Riccardo Chiarcos,ITA,09/05/2021,FINA Grand Prix,"Capri-Napoli, ITA",36,No Current,Neutral,35,"27,896.10",13
Marco Inglima,ITA,09/05/2021,FINA Grand Prix,"Capri-Napoli, ITA",36,No Current,Neutral,35,"28,780.00",14
end,,,2021_09_05_Capri-Napoli_36km,,,,,,,0
Marc-Antoine Olivier,FRA,12/12/2021,FINA World Cup,"Eilat, ISR",10,No Current,Neutral,48,"6,553.20",1
Kristof Rasovszky,HUN,12/12/2021,FINA World Cup,"Eilat, ISR",10,No Current,Neutral,48,"6,553.80",2
Niklas Frach,GER,12/12/2021,FINA World Cup,"Eilat, ISR",10,No Current,Neutral,48,"6,556.70",3
Andrea Manzi,ITA,12/12/2021,FINA World Cup,"Eilat, ISR",10,No Current,Neutral,48,"6,558.10",4
Nicholas Sloman,AUS,12/12/2021,FINA World Cup,"Eilat, ISR",10,No Current,Neutral,48,"6,558.30",5
David Betlehem,HUN,12/12/2021,FINA World Cup,"Eilat, ISR",10,No Current,Neutral,48,"6,561.20",6
Dario Verani,ITA,12/12/2021,FINA World Cup,"Eilat, ISR",10,No Current,Neutral,48,"6,593.80",7
Alberto Martinez,ESP,12/12/2021,FINA World Cup,"Eilat, ISR",10,No Current,Neutral,48,"6,595.50",8
Bailey Armstrong,AUS,12/12/2021,FINA World Cup,"Eilat, ISR",10,No Current,Neutral,48,"6,597.30",9
Matteo Furlan,ITA,12/12/2021,FINA World Cup,"Eilat, ISR",10,No Current,Neutral,48,"6,599.80",10
Evgenii Drattcev,RUS,12/12/2021,FINA World Cup,"Eilat, ISR",10,No Current,Neutral,48,"6,600.10",11
Matan Roditi,ISR,12/12/2021,FINA World Cup,"Eilat, ISR",10,No Current,Neutral,48,"6,600.60",12
Allan Do Carmo,BRA,12/12/2021,FINA World Cup,"Eilat, ISR",10,No Current,Neutral,48,"6,600.90",13
Guillem Pujol,ESP,12/12/2021,FINA World Cup,"Eilat, ISR",10,No Current,Neutral,48,"6,601.10",14
Marcel Schouten,NED,12/12/2021,FINA World Cup,"Eilat, ISR",10,No Current,Neutral,48,"6,601.70",15
Lars Bottelier,NED,12/12/2021,FINA World Cup,"Eilat, ISR",10,No Current,Neutral,48,"6,602.00",16
Jan Hercog,AUT,12/12/2021,FINA World Cup,"Eilat, ISR",10,No Current,Neutral,48,"6,604.40",17
Vincent Crooijmans,NED,12/12/2021,FINA World Cup,"Eilat, ISR",10,No Current,Neutral,48,"6,604.90",18
Diogo Villarinho,BRA,12/12/2021,FINA World Cup,"Eilat, ISR",10,No Current,Neutral,48,"6,669.20",19
Ido Gal,ISR,12/12/2021,FINA World Cup,"Eilat, ISR",10,No Current,Neutral,48,"6,672.90",20
Sander Crooijmans,NED,12/12/2021,FINA World Cup,"Eilat, ISR",10,No Current,Neutral,48,"6,672.90",21
Jon Thomas Mckay,CAN,12/12/2021,FINA World Cup,"Eilat, ISR",10,No Current,Neutral,48,"6,782.40",22
Ziv Cohen,ISR,12/12/2021,FINA World Cup,"Eilat, ISR",10,No Current,Neutral,48,"6,905.50",23
Yoav Parvar,ISR,12/12/2021,FINA World Cup,"Eilat, ISR",10,No Current,Neutral,48,"7,417.60",24
Yaron Mantin,ISR,12/12/2021,FINA World Cup,"Eilat, ISR",10,No Current,Neutral,48,"7,582.50",25
Yuval Krelman,ISR,12/12/2021,FINA World Cup,"Eilat, ISR",10,No Current,Neutral,48,"7,849.70",26
end,,,2021_12_12_Eilat_10km,,,,,,,0
Florian Wellbrock,GER,12/15/2021,FINA World Cup,"Abu Dhabi, UAE",10,No Current,Neutral,81,"6,489.40",1
Domenico Acerenza,ITA,12/15/2021,FINA World Cup,"Abu Dhabi, UAE",10,No Current,Neutral,81,"6,492.00",2
Kristof Rasovszky,HUN,12/15/2021,FINA World Cup,"Abu Dhabi, UAE",10,No Current,Neutral,81,"6,503.60",3
Pasquale Sanzullo,ITA,12/15/2021,FINA World Cup,"Abu Dhabi, UAE",10,No Current,Neutral,81,"6,504.10",4
Mario Sanzullo,ITA,12/15/2021,FINA World Cup,"Abu Dhabi, UAE",10,No Current,Neutral,81,"6,504.80",5
Sacha Velly,FRA,12/15/2021,FINA World Cup,"Abu Dhabi, UAE",10,No Current,Neutral,81,"6,506.10",6
Andrea Manzi,ITA,12/15/2021,FINA World Cup,"Abu Dhabi, UAE",10,No Current,Neutral,81,"6,509.60",7
Niklas Frach,GER,12/15/2021,FINA World Cup,"Abu Dhabi, UAE",10,No Current,Neutral,81,"6,509.90",8
Hector Thomas Cheal Pardoe,GBR,12/15/2021,FINA World Cup,"Abu Dhabi, UAE",10,No Current,Neutral,81,"6,516.80",9
Marcello Guidi,ITA,12/15/2021,FINA World Cup,"Abu Dhabi, UAE",10,No Current,Neutral,81,"6,517.80",10
Oliver Klemet,GER,12/15/2021,FINA World Cup,"Abu Dhabi, UAE",10,No Current,Neutral,81,"6,517.90",11
Tobias Patrick Robinson,GBR,12/15/2021,FINA World Cup,"Abu Dhabi, UAE",10,No Current,Neutral,81,"6,519.40",12
Matteo Furlan,ITA,12/15/2021,FINA World Cup,"Abu Dhabi, UAE",10,No Current,Neutral,81,"6,520.90",13
Axel Reymond,FRA,12/15/2021,FINA World Cup,"Abu Dhabi, UAE",10,No Current,Neutral,81,"6,521.70",14
Marcel Schouten,NED,12/15/2021,FINA World Cup,"Abu Dhabi, UAE",10,No Current,Neutral,81,"6,522.50",15
Jules Wallart,FRA,12/15/2021,FINA World Cup,"Abu Dhabi, UAE",10,No Current,Neutral,81,"6,522.70",16
Rob Muffels,GER,12/15/2021,FINA World Cup,"Abu Dhabi, UAE",10,No Current,Neutral,81,"6,523.70",17
Logan Fontaine,FRA,12/15/2021,FINA World Cup,"Abu Dhabi, UAE",10,No Current,Neutral,81,"6,526.10",18
Fares Zitouni,FRA,12/15/2021,FINA World Cup,"Abu Dhabi, UAE",10,No Current,Neutral,81,"6,528.70",19
Tiago Campos,POR,12/15/2021,FINA World Cup,"Abu Dhabi, UAE",10,No Current,Neutral,81,"6,531.60",20
David Betlehem,HUN,12/15/2021,FINA World Cup,"Abu Dhabi, UAE",10,No Current,Neutral,81,"6,536.50",21
Bailey Armstrong,AUS,12/15/2021,FINA World Cup,"Abu Dhabi, UAE",10,No Current,Neutral,81,"6,537.60",22
Brennan Gravley,USA,12/15/2021,FINA World Cup,"Abu Dhabi, UAE",10,No Current,Neutral,81,"6,538.10",23
Peter Galicz,HUN,12/15/2021,FINA World Cup,"Abu Dhabi, UAE",10,No Current,Neutral,81,"6,545.20",24
Alberto Martinez,ESP,12/15/2021,FINA World Cup,"Abu Dhabi, UAE",10,No Current,Neutral,81,"6,546.80",25
Jan Hercog,AUT,12/15/2021,FINA World Cup,"Abu Dhabi, UAE",10,No Current,Neutral,81,"6,547.30",26
Logan Vanhuys,BEL,12/15/2021,FINA World Cup,"Abu Dhabi, UAE",10,No Current,Neutral,81,"6,557.20",27
Athanasios Kynigakis,GRE,12/15/2021,FINA World Cup,"Abu Dhabi, UAE",10,No Current,Neutral,81,"6,575.90",28
Enzo Roldan Munoz,FRA,12/15/2021,FINA World Cup,"Abu Dhabi, UAE",10,No Current,Neutral,81,"6,624.40",29
Matan Roditi,ISR,12/15/2021,FINA World Cup,"Abu Dhabi, UAE",10,No Current,Neutral,81,"6,631.80",30
Kirill Abrosimov,RUS,12/15/2021,FINA World Cup,"Abu Dhabi, UAE",10,No Current,Neutral,81,"6,663.60",31
Zalan Sarkany,HUN,12/15/2021,FINA World Cup,"Abu Dhabi, UAE",10,No Current,Neutral,81,"6,666.60",32
Allan Do Carmo,BRA,12/15/2021,FINA World Cup,"Abu Dhabi, UAE",10,No Current,Neutral,81,"6,666.90",33
Linus Schwedler,GER,12/15/2021,FINA World Cup,"Abu Dhabi, UAE",10,No Current,Neutral,81,"6,667.00",34
Leo Ouabdesselam,FRA,12/15/2021,FINA World Cup,"Abu Dhabi, UAE",10,No Current,Neutral,81,"6,667.20",35
Elliot Sodemann,SWE,12/15/2021,FINA World Cup,"Abu Dhabi, UAE",10,No Current,Neutral,81,"6,668.90",36
Ido Gal,ISR,12/15/2021,FINA World Cup,"Abu Dhabi, UAE",10,No Current,Neutral,81,"6,670.00",37
Diogo Cardoso,POR,12/15/2021,FINA World Cup,"Abu Dhabi, UAE",10,No Current,Neutral,81,"6,670.10",38
Ben Langner,GER,12/15/2021,FINA World Cup,"Abu Dhabi, UAE",10,No Current,Neutral,81,"6,671.20",39
Hau-Li Fan,CAN,12/15/2021,FINA World Cup,"Abu Dhabi, UAE",10,No Current,Neutral,81,"6,679.20",40
Diogo Villarinho,BRA,12/15/2021,FINA World Cup,"Abu Dhabi, UAE",10,No Current,Neutral,81,"6,682.60",41
Ziyang Zhang,CHN,12/15/2021,FINA World Cup,"Abu Dhabi, UAE",10,No Current,Neutral,81,"6,799.30",42
Aaron Elias Schmidt,GER,12/15/2021,FINA World Cup,"Abu Dhabi, UAE",10,No Current,Neutral,81,"6,803.30",43
Michael Brinegar,USA,12/15/2021,FINA World Cup,"Abu Dhabi, UAE",10,No Current,Neutral,81,"6,882.30",44
Alexandre Verplaetse,FRA,12/15/2021,FINA World Cup,"Abu Dhabi, UAE",10,No Current,Neutral,81,"6,886.90",45
Christian Schreiber,SUI,12/15/2021,FINA World Cup,"Abu Dhabi, UAE",10,No Current,Neutral,81,"6,888.10",46
Raben Severin Dommann,CAN,12/15/2021,FINA World Cup,"Abu Dhabi, UAE",10,No Current,Neutral,81,"6,903.60",47
Ruwen Straub,GER,12/15/2021,FINA World Cup,"Abu Dhabi, UAE",10,No Current,Neutral,81,"6,908.50",48
Dylan Gravley,USA,12/15/2021,FINA World Cup,"Abu Dhabi, UAE",10,No Current,Neutral,81,"6,914.80",49
Bruce Hanson Almeida,BRA,12/15/2021,FINA World Cup,"Abu Dhabi, UAE",10,No Current,Neutral,81,"6,931.90",50
Daniel Delgadillo,MEX,12/15/2021,FINA World Cup,"Abu Dhabi, UAE",10,No Current,Neutral,81,"6,938.50",51
Mark Kovacsics,HUN,12/15/2021,FINA World Cup,"Abu Dhabi, UAE",10,No Current,Neutral,81,"6,946.60",52
Haoyang Tang,CHN,12/15/2021,FINA World Cup,"Abu Dhabi, UAE",10,No Current,Neutral,81,"6,953.20",53
Matthieu Magne,FRA,12/15/2021,FINA World Cup,"Abu Dhabi, UAE",10,No Current,Neutral,81,"6,966.10",54
Joshua Brown,USA,12/15/2021,FINA World Cup,"Abu Dhabi, UAE",10,No Current,Neutral,81,"6,999.10",55
David Heron,USA,12/15/2021,FINA World Cup,"Abu Dhabi, UAE",10,No Current,Neutral,81,"7,118.10",56
Aleksandr Stepanov,RUS,12/15/2021,FINA World Cup,"Abu Dhabi, UAE",10,No Current,Neutral,81,"7,151.70",57
Eric Georges Brown,CAN,12/15/2021,FINA World Cup,"Abu Dhabi, UAE",10,No Current,Neutral,81,"7,209.00",58
Lev Cherepanov,KAZ,12/15/2021,FINA World Cup,"Abu Dhabi, UAE",10,No Current,Neutral,81,"7,354.60",59
Igor Chervynskiy,UKR,12/15/2021,FINA World Cup,"Abu Dhabi, UAE",10,No Current,Neutral,81,"7,356.50",60
Theo Druenne,MON,12/15/2021,FINA World Cup,"Abu Dhabi, UAE",10,No Current,Neutral,81,"7,469.70",61
Galymzhan Balabek,KAZ,12/15/2021,FINA World Cup,"Abu Dhabi, UAE",10,No Current,Neutral,81,"7,474.50",62
end,,,2021_12_15_AbuDhabi_10km,,,,,,,0
